ID,Patient_No,Gender,Age,Urea,Creatinine_umol_L,HbA1c,BMI,Total_Cholesterol_mmol_L,Triglycerides_mmol_L,HDL_mmol_L,LDL_mmol_L,VLDL_mmol_L,Non_HDL_mmol_L,LDL_HDL_Ratio,TC_HDL_Ratio,Class
502,17975,F,50,4.7,46,4.9,24.0,4.2,0.9,2.4,1.39,0.41,1.8,0.58,1.75,N
735,34221,M,26,4.5,62,4.9,23.0,3.7,1.4,1.1,1.96,0.64,2.6,1.78,3.36,N
504,34223,M,33,7.1,46,4.9,21.0,4.9,1.0,0.8,3.65,0.45,4.1,4.56,6.12,N
634,34224,F,45,2.3,24,4.0,21.0,2.9,1.0,1.0,1.45,0.45,1.9,1.45,2.9,N
721,34225,F,50,2.0,50,4.0,24.0,3.6,1.3,0.9,2.11,0.59,2.7,2.34,4.0,N
421,34227,M,48,4.7,47,4.0,24.0,2.9,0.8,0.9,1.64,0.36,2.0,1.82,3.22,N
670,34229,M,43,2.6,67,4.0,21.0,3.8,0.9,2.4,0.99,0.41,1.4,0.41,1.58,N
759,34230,F,32,3.6,28,4.0,24.0,3.8,2.0,2.4,0.49,0.91,1.4,0.2,1.58,N
636,34231,F,31,4.4,55,4.2,23.0,3.6,0.7,1.7,1.58,0.32,1.9,0.93,2.12,N
788,34232,F,33,3.3,53,4.0,21.0,4.0,1.1,0.9,2.6,0.5,3.1,2.89,4.44,N
82,46815,F,30,3.0,42,4.1,22.0,4.9,1.3,1.2,3.11,0.59,3.7,2.59,4.08,N
132,34234,F,45,4.6,54,5.1,23.0,4.2,1.7,1.2,2.23,0.77,3.0,1.86,3.5,N
402,34235,F,50,3.5,39,4.0,24.0,4.0,1.5,1.2,2.12,0.68,2.8,1.77,3.33,N
566,34236,M,50,5.5,74,5.0,21.0,3.6,1.1,1.0,2.1,0.5,2.6,2.1,3.6,N
596,34237,F,50,5.9,53,5.4,21.0,5.3,0.8,1.1,3.84,0.36,4.2,3.49,4.82,N
729,34238,F,49,2.2,28,4.1,24.0,5.0,1.3,1.2,3.21,0.59,3.8,2.68,4.17,N
742,34239,F,49,3.8,55,4.0,23.0,4.4,0.9,1.0,2.99,0.41,3.4,2.99,4.4,N
97,12744,F,42,5.0,73,4.5,24.0,6.2,1.0,1.1,4.65,0.45,5.1,4.23,5.64,N
126,34302,F,33,5.3,62,5.0,24.0,4.2,1.5,1.2,2.32,0.68,3.0,1.93,3.5,N
390,34282,M,50,4.0,28,5.3,23.0,4.8,1.0,0.9,3.45,0.45,3.9,3.83,5.33,N
458,34242,F,39,3.2,55,5.0,21.0,4.6,1.3,1.0,3.01,0.59,3.6,3.01,4.6,N
470,46675,F,30,3.0,45,4.1,22.0,4.9,1.3,1.2,3.11,0.59,3.7,2.59,4.08,N
494,45566,M,30,4.8,80,5.5,19.0,5.5,1.8,1.2,3.48,0.82,4.3,2.9,4.58,N
564,34309,M,41,4.2,99,4.0,22.0,2.8,2.9,0.8,0.68,1.32,2.0,0.85,3.5,N
696,87664,M,33,2.0,54,5.4,22.0,3.7,1.3,0.8,2.31,0.59,2.9,2.89,4.62,N
106,34245,F,44,4.3,49,4.0,22.0,5.6,1.4,1.4,3.56,0.64,4.2,2.54,4.0,N
138,34246,F,48,7.5,82,5.4,23.0,3.2,1.8,1.6,0.78,0.82,1.6,0.49,2.0,N
315,34294,M,47,4.6,55,4.3,24.0,4.6,0.8,0.9,3.34,0.36,3.7,3.71,5.11,N
650,75435657,M,36,3.8,70,5.0,22.0,3.6,0.7,1.3,1.98,0.32,2.3,1.52,2.77,N
699,34290,F,47,5.6,67,5.1,23.0,6.5,1.5,0.9,4.92,0.68,5.6,5.47,7.22,N
703,34248,F,39,6.0,67,4.0,22.0,4.0,0.6,1.1,2.63,0.27,2.9,2.39,3.64,N
708,34249,F,38,2.0,20,5.1,21.0,3.0,1.2,0.6,1.85,0.55,2.4,3.08,5.0,N
719,34298,M,46,2.0,54,5.4,21.0,3.7,1.3,0.8,2.31,0.59,2.9,2.89,4.62,N
740,34250,M,44,3.8,74,5.0,24.0,3.7,1.5,1.1,1.92,0.68,2.6,1.75,3.36,N
741,34251,F,41,3.4,48,4.0,23.0,4.4,1.6,0.8,2.87,0.73,3.6,3.59,5.5,N
746,34299,F,45,4.7,31,4.8,24.0,3.8,0.7,1.3,2.18,0.32,2.5,1.68,2.92,N
794,34285,F,44,3.0,39,5.5,21.0,9.5,1.7,1.3,7.43,0.77,8.2,5.72,7.31,N
255,34293,M,43,4.1,44,4.3,21.0,4.7,1.9,1.4,2.44,0.86,3.3,1.74,3.36,N
450,6402,F,33,2.7,47,5.0,24.0,4.2,1.4,1.3,2.26,0.64,2.9,1.74,3.23,N
626,34254,M,49,5.7,74,4.7,21.0,5.2,1.1,0.9,3.8,0.5,4.3,4.22,5.78,N
664,78554,M,31,3.6,67,3.7,23.0,4.3,2.1,1.0,2.35,0.95,3.3,2.35,4.3,N
704,34255,M,49,3.8,60,5.0,24.0,4.7,1.8,0.7,3.18,0.82,4.0,4.54,6.71,N
210,34257,F,47,3.7,48,5.0,22.0,4.7,1.6,1.0,2.97,0.73,3.7,2.97,4.7,N
237,34258,M,44,3.1,49,4.0,24.0,4.9,1.7,1.4,2.73,0.77,3.5,1.95,3.5,N
318,34259,F,45,4.0,57,4.0,22.0,4.3,0.9,1.1,2.79,0.41,3.2,2.54,3.91,N
620,34260,M,43,2.4,40,5.0,21.0,4.8,1.9,1.1,2.84,0.86,3.7,2.58,4.36,N
640,34261,F,47,3.3,53,5.4,20.0,4.1,0.7,1.7,2.08,0.32,2.4,1.22,2.41,N
668,34262,F,50,4.4,69,5.0,24.0,3.9,0.7,2.3,1.28,0.32,1.6,0.56,1.7,N
701,34295,F,50,5.4,52,4.5,23.0,3.2,0.8,1.2,1.64,0.36,2.0,1.37,2.67,N
174,34264,F,49,2.3,52,5.0,22.0,3.1,1.3,1.0,1.51,0.59,2.1,1.51,3.1,N
276,34271,F,50,4.5,32,4.5,22.0,3.4,0.7,1.1,1.98,0.32,2.3,1.8,3.09,N
345,34273,F,49,2.1,38,5.0,21.0,4.2,0.8,0.9,2.94,0.36,3.3,3.27,4.67,N
482,34274,F,44,3.9,42,4.1,21.0,5.2,1.5,1.0,3.52,0.68,4.2,3.52,5.2,N
630,34275,F,48,2.8,55,5.0,23.5,3.6,0.6,2.1,1.23,0.27,1.5,0.59,1.71,N
789,34277,M,47,4.0,45,4.2,23.0,4.0,1.3,0.9,2.51,0.59,3.1,2.79,4.44,N
348,34281,M,47,7.6,85,4.3,24.0,4.3,2.3,0.9,2.35,1.05,3.4,2.61,4.78,N
7,21354,M,44,6.8,64,4.9,21.0,4.9,2.8,2.0,1.63,1.27,2.9,0.82,2.45,N
9,85922,F,35,3.9,38,5.4,22.0,3.8,5.9,0.5,0.62,2.68,3.3,1.24,7.6,N
10,568412,M,40,5.0,63,4.0,23.0,4.8,2.5,1.1,2.56,1.14,3.7,2.33,4.36,N
42,1168,F,35,2.8,50,5.0,20.0,4.7,2.5,1.3,2.26,1.14,3.4,1.74,3.62,N
47,789566,F,42,2.1,45,4.9,21.0,3.0,1.1,1.1,1.4,0.5,1.9,1.27,2.73,N
71,85764,M,59,5.2,38,5.4,23.0,4.9,1.2,0.9,3.45,0.55,4.0,3.83,5.44,N
72,86745,F,31,3.9,6,5.4,22.0,4.4,1.8,1.1,2.48,0.82,3.3,2.25,4.0,N
83,741741,M,40,4.7,40,5.6,22.0,7.6,1.3,0.9,6.11,0.59,6.7,6.79,8.44,N
89,4172,F,41,2.0,39,4.0,21.0,3.4,1.2,1.7,1.15,0.55,1.7,0.68,2.0,N
96,42585,F,43,4.0,54,4.3,24.5,4.1,1.1,1.2,2.4,0.5,2.9,2.0,3.42,N
98,8572,F,44,4.4,56,4.2,21.0,3.4,1.3,1.3,1.51,0.59,2.1,1.16,2.62,N
99,78585,M,59,4.7,58,4.1,24.0,6.3,0.6,1.1,4.93,0.27,5.2,4.48,5.73,N
126,45396,M,51,4.5,88,4.0,20.0,4.1,1.5,0.9,2.52,0.68,3.2,2.8,4.56,N
134,45367,F,30,3.6,61,5.4,24.0,6.5,1.8,1.5,4.18,0.82,5.0,2.79,4.33,N
137,45388,F,50,6.0,61,5.0,21.0,4.4,2.7,1.3,1.87,1.23,3.1,1.44,3.38,N
138,45399,F,57,4.6,97,0.9,22.0,3.2,1.3,0.9,1.71,0.59,2.3,1.9,3.56,N
139,45389,F,50,6.3,88,4.0,22.0,4.5,1.2,1.8,2.15,0.55,2.7,1.19,2.5,N
141,45374,F,35,3.6,61,5.3,24.0,4.3,1.3,0.8,2.91,0.59,3.5,3.64,5.37,N
143,45410,M,63,6.6,106,4.3,20.0,4.8,1.7,1.1,2.93,0.77,3.7,2.66,4.36,N
144,45377,M,36,3.3,70,4.2,20.0,4.9,2.5,0.9,2.86,1.14,4.0,3.18,5.44,N
145,45390,M,50,5.8,61,4.0,21.0,2.0,1.2,1.3,0.15,0.55,0.7,0.12,1.54,N
147,45365,F,25,10.0,35,4.0,22.0,4.3,3.5,0.8,1.91,1.59,3.5,2.39,5.37,N
149,45381,F,40,5.8,123,4.5,24.0,4.6,1.5,0.7,3.22,0.68,3.9,4.6,6.57,N
150,45382,F,40,6.3,79,4.9,22.0,4.3,0.8,0.8,3.14,0.36,3.5,3.92,5.37,N
153,45391,M,50,5.5,97,5.4,21.0,3.2,1.8,1.6,0.78,0.82,1.6,0.49,2.0,N
154,45369,M,30,5.5,79,5.6,24.5,3.9,1.6,0.9,2.27,0.73,3.0,2.52,4.33,N
157,45392,M,50,9.6,203,5.4,22.0,3.8,5.9,0.5,0.62,2.68,3.3,1.24,7.6,N
165,45412,F,77,5.0,106,5.4,24.0,3.9,2.1,1.2,1.75,0.95,2.7,1.46,3.25,N
166,45383,F,44,7.3,132,4.3,21.0,5.2,1.9,2.5,1.84,0.86,2.7,0.74,2.08,N
171,45434,M,40,22.0,159,5.4,24.0,3.1,1.6,1.1,1.27,0.73,2.0,1.15,2.82,N
180,454316,F,54,6.3,106,5.6,20.0,4.3,2.0,1.3,2.09,0.91,3.0,1.61,3.31,N
181,454316,F,50,3.3,70,4.9,24.0,3.7,0.9,1.2,2.09,0.41,2.5,1.74,3.08,N
190,454316,F,59,4.7,58,4.1,22.5,4.5,1.8,1.8,1.88,0.82,2.7,1.04,2.5,N
435,34241,M,38,6.1,83,5.4,24.6,4.5,1.7,0.9,2.83,0.77,3.6,3.14,5.0,N
472,463,M,34,3.9,81,6.0,23.0,6.2,3.9,0.8,3.63,1.77,5.4,4.54,7.75,P
85,46300,M,34,3.9,81,6.0,23.0,6.2,3.9,0.8,3.63,1.77,5.4,4.54,7.75,P
429,48036,M,31,3.4,55,5.7,24.0,4.9,1.6,1.0,3.17,0.73,3.9,3.17,4.9,P
4,34301,F,43,2.1,55,5.7,25.0,4.7,5.3,0.9,1.39,2.41,3.8,1.54,5.22,P
189,30383,M,42,5.4,53,5.8,23.0,5.9,3.7,1.3,2.92,1.68,4.6,2.25,4.54,P
201,45573,M,47,4.1,87,6.2,23.0,3.7,1.8,1.0,1.88,0.82,2.7,1.88,3.7,P
285,47069,M,50,4.3,59,6.1,24.0,4.0,3.0,1.0,1.64,1.36,3.0,1.64,4.0,P
393,47496,M,49,5.0,74,6.2,25.0,2.0,0.8,0.6,1.04,0.36,1.4,1.73,3.33,P
468,298,M,50,4.7,53,6.1,25.0,4.2,2.2,0.8,2.4,1.0,3.4,3.0,5.25,P
492,13281,M,49,3.5,59,6.0,24.0,4.0,2.1,1.4,1.65,0.95,2.6,1.18,2.86,P
496,56826,F,49,3.3,44,6.0,21.0,5.6,1.9,0.75,3.99,0.86,4.85,5.32,7.47,P
498,488496,M,50,5.0,74,6.2,24.0,2.0,0.8,0.6,1.04,0.36,1.4,1.73,3.33,P
684,87658,F,49,3.3,44,6.0,23.0,5.6,1.9,0.75,3.99,0.86,4.85,5.32,7.47,P
399,47513,F,39,3.0,38,6.4,22.0,4.7,1.3,1.1,3.01,0.59,3.6,2.74,4.27,P
490,48969,M,50,4.3,59,6.1,24.0,4.0,2.4,1.0,1.91,1.09,3.0,1.91,4.0,P
500,23513,F,39,3.0,46,6.4,24.0,4.7,1.3,1.1,3.01,0.59,3.6,2.74,4.27,P
672,34247,M,49,3.1,75,6.0,24.0,3.6,2.4,1.9,0.61,1.09,1.7,0.32,1.89,P
718,87675,M,50,5.0,74,6.2,25.0,2.0,0.8,0.6,1.04,0.36,1.4,1.73,3.33,P
264,44433,M,33,4.8,64,5.8,25.0,4.8,1.1,1.7,2.6,0.5,3.1,1.53,2.82,P
464,1111,M,50,4.8,62,5.9,25.0,5.3,1.3,1.0,3.71,0.59,4.3,3.71,5.3,P
466,26665,F,30,5.7,53,6.0,22.0,5.4,1.7,1.4,3.23,0.77,4.0,2.31,3.86,P
686,87659,F,33,2.7,47,6.0,24.0,4.2,1.4,1.3,2.26,0.64,2.9,1.74,3.23,P
16,20321,M,50,4.8,62,5.9,19.0,5.3,1.3,1.0,3.71,0.59,4.3,3.71,5.3,P
19,26925,F,50,5.7,53,6.0,25.0,5.4,1.7,1.4,3.23,0.77,4.0,2.31,3.86,P
123,34263,F,49,4.6,60,6.1,25.0,4.8,1.4,0.7,3.46,0.64,4.1,4.94,6.86,P
476,7402,F,33,2.7,47,6.0,19.0,4.2,1.4,1.3,2.26,0.64,2.9,1.74,3.23,P
754,34296,M,49,4.8,46,5.8,24.0,4.8,1.1,1.7,2.6,0.5,3.1,1.53,2.82,P
68,29008,M,50,4.7,53,6.1,24.0,4.2,2.2,0.8,2.4,1.0,3.4,3.0,5.25,P
342,41281,M,50,3.5,59,6.0,25.0,4.0,2.1,1.4,1.65,0.95,2.6,1.18,2.86,P
12,685,M,55,4.8,60,6.0,24.0,3.6,3.0,1.5,0.74,1.36,2.1,0.49,2.4,P
20,19112,F,40,2.1,52,5.9,30.0,2.1,2.3,0.9,0.15,1.05,1.2,0.17,2.33,P
41,1655,M,40,3.4,64,5.7,31.0,6.5,3.8,1.0,3.77,1.73,5.5,3.77,6.5,P
60,546543,F,35,4.4,37,5.8,32.0,4.0,2.5,1.3,1.56,1.14,2.7,1.2,3.08,P
79,252,M,41,5.9,62,5.9,21.0,4.7,5.3,0.9,1.39,2.41,3.8,1.54,5.22,P
81,7414,M,43,4.4,60,6.3,29.0,4.3,1.8,1.6,1.88,0.82,2.7,1.17,2.69,P
133,45366,M,30,17.1,344,6.0,21.0,4.9,1.6,1.7,2.47,0.73,3.2,1.45,2.88,P
135,45397,M,54,4.0,88,5.7,28.0,4.4,2.9,0.6,2.48,1.32,3.8,4.13,7.33,P
146,45368,M,30,6.0,97,5.8,19.0,4.2,1.7,1.2,2.23,0.77,3.0,1.86,3.5,P
152,45378,M,39,5.0,106,6.4,19.5,3.7,2.0,0.8,1.99,0.91,2.9,2.49,4.62,P
178,45384,F,48,5.6,79,6.3,27.0,4.2,1.2,2.5,1.15,0.55,1.7,0.46,1.68,P
12,23975,M,31,3.0,60,12.3,37.2,4.1,2.2,0.7,2.4,1.0,3.4,3.43,5.86,Y
18,23977,M,30,7.1,81,6.7,27.4,4.1,1.1,1.2,2.4,0.5,2.9,2.0,3.42,Y
24,23979,M,45,4.1,63,10.2,34.3,4.8,1.3,0.9,3.31,0.59,3.9,3.68,5.33,Y
39,23984,M,45,5.3,77,11.2,29.5,3.9,1.5,1.3,1.92,0.68,2.6,1.48,3.0,Y
474,67036,M,31,3.4,55,6.5,24.0,4.9,1.6,1.0,3.17,0.73,3.9,3.17,4.9,Y
48,23987,M,30,5.0,80,6.9,34.6,4.5,1.8,1.2,2.48,0.82,3.3,2.07,3.75,Y
57,23990,M,35,4.8,64,7.7,27.3,3.7,1.0,1.2,2.05,0.45,2.5,1.71,3.08,Y
69,23994,M,45,4.8,82,7.2,31.2,4.7,1.8,0.8,3.08,0.82,3.9,3.85,5.88,Y
714,34268,M,45,3.6,80,5.0,22.0,6.1,3.7,0.7,3.72,1.68,5.4,5.31,8.71,Y
87,24000,F,50,4.0,56,13.7,29.0,4.4,2.0,1.0,2.49,0.91,3.4,2.49,4.4,Y
505,23044,F,48,4.0,38,6.5,23.0,4.4,2.3,1.3,2.05,1.05,3.1,1.58,3.38,Y
654,233457,M,38,5.8,59,6.7,40.5,5.3,2.0,1.6,2.79,0.91,3.7,1.74,3.31,Y
7,34278,F,46,3.0,59,5.1,24.0,5.7,3.8,1.3,2.67,1.73,4.4,2.05,4.38,Y
61,34279,M,45,2.3,42,5.1,25.0,4.4,1.5,1.0,2.72,0.68,3.4,2.72,4.4,Y
102,24005,F,54,3.0,39,7.2,22.0,9.5,1.7,1.3,7.43,0.77,8.2,5.72,7.31,Y
228,34280,M,43,5.4,62,4.1,21.0,5.9,2.0,1.1,3.89,0.91,4.8,3.54,5.36,Y
674,34283,M,49,3.9,65,5.2,24.0,5.1,1.7,3.9,0.43,0.77,1.2,0.11,1.31,Y
744,34284,F,49,3.8,56,5.1,25.0,6.0,3.5,1.1,3.31,1.59,4.9,3.01,5.45,Y
10,34286,F,45,3.1,54,4.0,24.0,5.9,1.8,1.6,3.48,0.82,4.3,2.17,3.69,Y
58,34270,F,47,3.5,65,5.0,23.0,6.3,2.2,1.1,4.2,1.0,5.2,3.82,5.73,Y
108,24007,M,38,4.0,67,10.2,47.0,5.2,2.0,1.1,3.19,0.91,4.1,2.9,4.73,Y
150,34287,F,42,2.8,39,4.6,25.0,4.7,2.5,1.3,2.26,1.14,3.4,1.74,3.62,Y
198,34288,M,39,4.3,49,5.1,25.0,6.7,2.5,1.1,4.46,1.14,5.6,4.05,6.09,Y
357,73566,M,30,4.8,80,5.5,25.0,5.5,1.8,1.2,3.48,0.82,4.3,2.9,4.58,Y
588,34243,M,40,5.9,76,4.0,24.0,5.0,2.1,1.6,2.45,0.95,3.4,1.53,3.12,Y
753,34291,M,46,4.4,47,5.2,24.0,6.8,0.7,1.7,4.78,0.32,5.1,2.81,4.0,Y
110,34292,F,45,3.7,49,5.3,25.0,2.5,2.2,1.0,0.5,1.0,1.5,0.5,2.5,Y
113,24009,M,33,3.3,76,9.7,21.17,2.4,1.9,0.8,0.74,0.86,1.6,0.92,3.0,Y
119,24011,M,40,4.3,72,7.0,40.0,4.0,1.8,0.9,2.28,0.82,3.1,2.53,4.44,Y
122,24012,M,40,7.1,74,7.5,28.3,4.4,1.4,1.3,2.46,0.64,3.1,1.89,3.38,Y
452,34253,M,50,7.7,67,4.0,23.0,5.2,2.1,1.1,3.15,0.95,4.1,2.86,4.73,Y
134,24016,F,63,6.6,96,8.9,32.0,5.8,1.7,1.7,3.33,0.77,4.1,1.96,3.41,Y
168,34228,F,44,6.8,64,4.0,23.0,6.2,2.3,1.2,3.95,1.05,5.0,3.29,5.17,Y
580,34297,F,49,4.3,53,4.2,25.0,4.2,1.1,1.1,2.6,0.5,3.1,2.36,3.82,Y
694,87663,M,42,4.6,91,4.5,22.0,5.6,2.1,0.9,3.75,0.95,4.7,4.17,6.22,Y
790,34300,F,44,4.0,32,4.3,25.0,5.3,1.8,0.9,3.58,0.82,4.4,3.98,5.89,Y
140,24018,F,33,1.8,31,7.4,31.5,3.7,1.2,1.6,1.55,0.55,2.1,0.97,2.31,Y
143,24019,F,48,4.0,38,6.8,25.0,4.4,2.3,1.3,2.05,1.05,3.1,1.58,3.38,Y
375,34226,F,47,5.1,68,4.0,23.0,5.3,2.3,0.7,3.55,1.05,4.6,5.07,7.57,Y
534,34305,M,57,4.6,370,6.8,37.0,6.1,6.0,2.5,0.87,2.73,3.6,0.35,2.44,Y
612,34267,F,33,4.6,56,5.0,24.0,6.2,3.8,0.8,3.67,1.73,5.4,4.59,7.75,Y
717,34306,F,33,5.7,48,4.0,23.0,6.8,3.1,1.0,4.39,1.41,5.8,4.39,6.8,Y
725,34307,M,34,7.7,80,5.5,21.0,5.1,1.2,1.4,3.15,0.55,3.7,2.25,3.64,Y
777,34269,M,43,3.2,42,4.0,23.0,6.2,3.2,1.0,3.75,1.45,5.2,3.75,6.2,Y
67,34222,F,28,4.1,73,4.9,24.0,5.3,3.2,0.8,3.05,1.45,4.5,3.81,6.62,Y
351,34266,M,47,5.8,62,4.0,24.0,7.0,2.8,0.9,4.83,1.27,6.1,5.37,7.78,Y
552,34308,M,39,9.1,80,5.1,20.0,7.1,1.5,1.2,5.22,0.68,5.9,4.35,5.92,Y
685,34310,F,39,4.2,45,5.0,25.0,4.4,1.7,2.8,0.83,0.77,1.6,0.3,1.57,Y
750,34244,F,49,2.2,23,4.0,23.0,6.6,3.8,1.0,3.87,1.73,5.6,3.87,6.6,Y
31,34252,M,50,2.6,106,4.0,24.0,6.3,4.4,1.0,3.3,2.0,5.3,3.3,6.3,Y
129,34311,F,56,8.5,92,5.7,35.0,4.8,1.7,1.3,2.73,0.77,3.5,2.1,3.69,Y
173,24029,M,51,7.3,65,7.0,31.0,3.8,3.8,1.0,1.07,1.73,2.8,1.07,3.8,Y
176,24030,M,52,3.0,60,7.0,33.0,3.8,3.2,0.8,1.55,1.45,3.0,1.94,4.75,Y
179,24031,M,56,3.4,44,4.8,39.0,4.1,1.5,0.8,2.62,0.68,3.3,3.28,5.12,Y
182,24032,F,59,3.8,91,6.0,38.0,4.2,2.0,2.3,0.99,0.91,1.9,0.43,1.83,Y
187,47586,M,69,5.9,71,10.4,33.0,5.4,1.3,1.7,3.11,0.59,3.7,1.83,3.18,Y
191,24035,M,60,6.6,76,7.8,26.0,4.7,2.3,1.4,2.25,1.05,3.3,1.61,3.36,Y
194,24036,M,54,5.9,71,10.4,32.0,5.4,1.3,1.7,3.11,0.59,3.7,1.83,3.18,Y
200,24038,M,57,2.0,77,7.0,33.0,5.5,1.9,1.0,3.64,0.86,4.5,3.64,5.5,Y
203,24039,M,55,5.0,76,10.2,33.9,5.6,4.6,0.8,2.71,2.09,4.8,3.39,7.0,Y
206,24040,F,60,2.0,45,6.8,27.0,7.2,2.2,0.8,5.4,1.0,6.4,6.75,9.0,Y
600,34319,F,60,2.0,45,6.8,27.0,7.2,2.2,1.0,5.2,1.0,6.2,5.2,7.2,Y
76,9903,M,73,4.3,79,6.0,27.0,5.3,1.4,1.5,3.16,0.64,3.8,2.11,3.53,Y
86,34320,F,61,2.1,23,9.9,28.0,4.1,4.2,1.2,0.99,1.91,2.9,0.82,3.42,Y
209,24041,M,51,6.5,70,7.3,32.0,3.5,1.8,1.8,0.88,0.82,1.7,0.49,1.94,Y
215,24043,M,55,4.16,64,8.1,31.4,4.5,1.5,1.2,2.62,0.68,3.3,2.18,3.75,Y
218,24044,F,55,2.7,52,8.0,30.0,4.6,1.7,1.0,2.83,0.77,3.6,2.83,4.6,Y
224,24046,M,73,4.3,79,6.9,28.0,5.3,1.4,1.5,3.16,0.64,3.8,2.11,3.53,Y
227,24047,F,63,8.7,93,9.0,29.0,5.9,2.2,1.2,3.7,1.0,4.7,3.08,4.92,Y
230,24048,F,52,6.0,76,6.5,31.0,2.7,1.2,0.8,1.35,0.55,1.9,1.69,3.38,Y
233,24049,F,55,2.1,46,5.9,30.0,4.1,2.7,1.0,1.87,1.23,3.1,1.87,4.1,Y
236,24050,F,51,2.1,46,5.9,36.0,4.1,2.7,1.0,1.87,1.23,3.1,1.87,4.1,Y
239,24051,M,57,4.8,72,7.3,34.0,4.5,1.6,2.1,1.67,0.73,2.4,0.8,2.14,Y
242,24052,M,55,5.1,78,11.8,31.5,4.5,1.8,1.1,2.58,0.82,3.4,2.35,4.09,Y
1,34325,M,58,20.8,800,9.1,33.0,6.6,2.9,1.1,4.18,1.32,5.5,3.8,6.0,Y
9,23974,F,60,6.0,72,10.7,26.0,4.4,2.1,1.1,2.35,0.95,3.3,2.14,4.0,Y
243,48806,M,56,3.5,60,7.6,26.0,4.7,1.3,0.9,3.21,0.59,3.8,3.57,5.22,Y
245,24053,M,61,5.7,92,6.2,38.0,2.6,1.1,0.9,1.2,0.5,1.7,1.33,2.89,Y
251,24055,M,73,4.3,67,10.3,34.0,4.2,1.9,1.95,1.39,0.86,2.25,0.71,2.15,Y
254,24056,M,55,3.8,46,6.0,35.0,4.3,1.5,1.0,2.62,0.68,3.3,2.62,4.3,Y
260,24058,M,60,3.5,60,7.6,37.0,4.7,1.3,0.9,3.21,0.59,3.8,3.57,5.22,Y
263,24059,F,53,4.5,68,6.9,39.0,5.4,3.8,1.9,1.77,1.73,3.5,0.93,2.84,Y
536,34327,M,54,5.0,67,6.9,33.0,3.8,1.7,1.1,1.93,0.77,2.7,1.75,3.45,Y
655,34329,M,61,5.7,92,6.2,38.0,2.6,1.1,0.9,1.2,0.5,1.7,1.33,2.89,Y
37,34233,F,54,1.2,25,7.9,33.0,2.0,1.9,0.9,0.24,0.86,1.1,0.27,2.22,Y
159,12779,F,66,3.2,46,8.5,26.0,4.2,1.0,1.4,2.35,0.45,2.8,1.68,3.0,Y
272,24062,F,52,2.0,34,5.8,33.0,6.0,1.2,1.1,4.35,0.55,4.9,3.95,5.45,Y
15,23976,F,61,4.3,56,12.1,29.0,4.4,2.0,1.0,2.49,0.91,3.4,2.49,4.4,Y
275,24063,M,55,2.9,44,9.8,29.0,4.1,1.0,1.1,2.55,0.45,3.0,2.32,3.73,Y
278,24064,M,56,3.2,33,6.8,32.0,4.9,2.5,0.5,3.26,1.14,4.4,6.52,9.8,Y
281,24065,M,55,5.4,85,9.7,30.0,5.2,1.8,1.3,3.08,0.82,3.9,2.37,4.0,Y
3,23972,F,56,4.0,45,9.2,30.0,4.1,0.6,1.3,2.53,0.27,2.8,1.95,3.15,Y
36,23983,M,66,4.1,63,10.1,30.0,3.6,5.1,0.9,0.38,2.32,2.7,0.42,4.0,Y
46,24033,F,66,14.1,146,8.7,33.0,5.8,3.3,1.0,3.3,1.5,4.8,3.3,5.8,Y
59,27988,F,56,5.5,48,9.3,36.6,5.8,2.4,0.9,3.81,1.09,4.9,4.23,6.44,Y
91,46374,M,55,3.7,93,7.2,30.0,3.2,1.9,0.6,1.74,0.86,2.6,2.9,5.33,Y
120,34333,F,59,4.7,55,7.0,26.0,3.4,1.8,1.1,1.48,0.82,2.3,1.35,3.09,Y
290,24068,M,54,9.9,159,8.8,27.0,5.2,1.6,1.0,3.47,0.73,4.2,3.47,5.2,Y
296,24070,F,56,5.5,48,9.3,30.0,5.8,2.4,0.9,3.81,1.09,4.9,4.23,6.44,Y
302,24072,M,60,6.5,30,9.0,30.0,5.9,3.4,0.8,3.55,1.55,5.1,4.44,7.38,Y
305,24073,M,57,9.3,69,8.0,28.0,6.1,3.0,1.1,3.64,1.36,5.0,3.31,5.55,Y
308,24074,M,54,5.5,69,11.0,29.0,6.3,6.8,0.7,2.51,3.09,5.6,3.59,9.0,Y
21,23978,M,59,4.2,56,10.5,28.0,4.9,2.1,1.1,2.85,0.95,3.8,2.59,4.45,Y
160,34338,M,60,3.9,49,6.4,31.0,4.0,2.3,1.0,1.95,1.05,3.0,1.95,4.0,Y
184,45431,F,55,11.7,136,9.6,29.0,5.2,1.5,1.1,3.42,0.68,4.1,3.11,4.73,Y
273,34339,F,61,3.3,31,7.2,36.0,5.8,2.6,1.6,3.02,1.18,4.2,1.89,3.62,Y
311,24075,F,51,4.3,53,6.1,33.0,2.8,2.0,1.2,0.69,0.91,1.6,0.57,2.33,Y
314,24076,M,52,7.8,315,7.7,33.0,3.5,1.3,1.0,1.91,0.59,2.5,1.91,3.5,Y
317,24077,M,63,4.9,65,7.8,33.0,3.6,1.1,1.0,2.1,0.5,2.6,2.1,3.6,Y
323,24079,F,55,5.6,58,10.6,35.0,4.0,3.1,1.0,1.59,1.41,3.0,1.59,4.0,Y
326,24080,F,51,3.4,31,7.0,39.0,4.5,0.6,1.1,3.13,0.27,3.4,2.85,4.09,Y
597,3275,M,55,5.4,56,7.9,28.0,4.9,2.1,1.1,2.85,0.95,3.8,2.59,4.45,Y
6,23973,F,61,5.1,72,11.5,26.0,4.4,2.1,1.1,2.35,0.95,3.3,2.14,4.0,Y
65,46123,M,55,4.6,77,6.5,30.0,6.0,1.5,1.3,4.02,0.68,4.7,3.09,4.62,Y
73,9575,M,55,4.8,63,5.7,30.1,3.4,0.7,1.1,1.98,0.32,2.3,1.8,3.09,Y
222,34345,F,55,5.1,66,7.1,37.0,4.0,1.5,1.4,1.92,0.68,2.6,1.37,2.86,Y
297,34346,M,54,4.2,48,6.5,33.0,2.4,1.0,1.0,0.95,0.45,1.4,0.95,2.4,Y
344,24086,M,55,4.8,63,6.7,30.0,3.4,0.7,1.1,1.98,0.32,2.3,1.8,3.09,Y
356,24090,M,53,3.0,48,9.5,32.0,7.2,2.0,1.9,4.39,0.91,5.3,2.31,3.79,Y
42,23985,F,58,4.3,56,9.1,29.0,4.4,2.0,1.0,2.49,0.91,3.4,2.49,4.4,Y
100,8109,F,56,2.3,36,10.2,30.0,4.8,1.0,1.4,2.95,0.45,3.4,2.11,3.43,Y
163,34348,M,61,4.7,58,6.4,26.0,4.4,2.1,0.7,2.75,0.95,3.7,3.93,6.29,Y
365,24093,F,55,2.3,36,10.2,36.6,4.8,1.0,1.4,2.95,0.45,3.4,2.11,3.43,Y
368,24094,F,60,3.0,42,6.2,27.0,5.8,0.9,1.0,4.39,0.41,4.8,4.39,5.8,Y
47,34350,M,52,8.0,66,11.0,28.0,4.0,1.1,0.8,2.7,0.5,3.2,3.38,5.0,Y
270,34351,M,56,4.1,68,9.0,29.0,7.2,3.7,0.7,4.82,1.68,6.5,6.89,10.29,Y
354,47295,F,51,3.4,49,10.7,26.0,7.0,2.7,1.0,4.77,1.23,6.0,4.77,7.0,Y
374,24096,M,59,20.0,65,6.2,30.0,4.6,1.3,0.9,3.11,0.59,3.7,3.46,5.11,Y
377,24097,F,68,5.7,71,7.0,36.6,5.0,1.7,0.8,3.43,0.77,4.2,4.29,6.25,Y
380,24098,M,55,4.66,95,7.0,29.36,5.3,2.03,1.2,3.18,0.92,4.1,2.65,4.42,Y
430,34352,M,59,14.0,65,6.2,30.0,4.6,1.3,0.9,3.11,0.59,3.7,3.46,5.11,Y
55,34353,F,54,4.3,55,11.0,31.0,3.4,3.0,0.9,1.14,1.36,2.5,1.27,3.78,Y
56,39550,F,54,4.3,44,7.6,30.0,5.4,2.0,1.0,3.49,0.91,4.4,3.49,5.4,Y
75,23996,M,59,5.2,56,10.9,28.0,4.9,2.1,1.1,2.85,0.95,3.8,2.59,4.45,Y
118,23268,M,55,5.7,76,6.8,29.0,5.5,1.5,0.7,4.12,0.68,4.8,5.89,7.86,Y
307,34354,M,57,5.3,66,7.9,36.0,3.7,2.9,1.1,1.28,1.32,2.6,1.16,3.36,Y
339,5980,M,77,6.2,99,7.2,29.0,3.2,1.1,0.8,1.9,0.5,2.4,2.37,4.0,Y
372,34355,F,54,3.5,66,8.0,33.0,4.8,2.0,2.4,1.49,0.91,2.4,0.62,2.0,Y
392,24102,M,55,3.7,93,7.2,31.0,3.2,1.9,0.6,1.74,0.86,2.6,2.9,5.33,Y
401,24105,M,55,5.66,61,7.7,32.9,4.7,1.19,1.1,3.06,0.54,3.6,2.78,4.27,Y
404,24106,M,60,6.2,87,4.8,35.0,4.8,1.6,0.8,3.27,0.73,4.0,4.09,6.0,Y
410,24108,F,54,4.3,44,7.6,27.3,5.4,2.0,1.0,3.49,0.91,4.4,3.49,5.4,Y
422,24112,M,55,6.66,73,10.9,43.25,3.5,3.2,0.9,1.15,1.45,2.6,1.28,3.89,Y
425,24113,M,60,5.7,76,6.8,33.0,5.5,1.5,0.7,4.12,0.68,4.8,5.89,7.86,Y
428,24114,M,55,3.66,67,7.0,39.18,5.6,1.91,1.3,3.43,0.87,4.3,2.64,4.31,Y
135,34358,F,61,10.5,111,8.2,39.0,3.8,3.0,0.9,1.54,1.36,2.9,1.71,4.22,Y
432,34359,F,63,2.4,66,7.4,38.0,7.1,4.1,1.5,3.74,1.86,5.6,2.49,4.73,Y
437,24117,M,55,7.0,56,9.1,30.0,3.7,1.9,0.7,2.14,0.86,3.0,3.06,5.29,Y
440,24118,F,55,3.0,41,4.3,37.0,4.6,0.7,1.8,2.48,0.32,2.8,1.38,2.56,Y
443,24119,F,52,6.4,88,8.5,33.0,8.5,0.8,6.6,1.54,0.36,1.9,0.23,1.29,Y
62,46059,M,55,7.0,56,9.1,27.0,3.7,1.9,0.7,2.14,0.86,3.0,3.06,5.29,Y
444,23972,M,55,3.2,56,8.0,30.0,4.0,2.6,1.2,1.62,1.18,2.8,1.35,3.33,Y
511,34362,F,51,5.6,49,6.5,32.0,4.1,2.1,0.7,2.45,0.95,3.4,3.5,5.86,Y
598,8971,M,61,5.9,56,8.2,28.0,4.9,2.1,1.1,2.85,0.95,3.8,2.59,4.45,Y
651,34363,F,58,3.9,40,11.4,26.0,4.1,1.0,0.9,2.75,0.45,3.2,3.06,4.56,Y
63,23992,F,66,5.5,56,9.9,29.0,4.4,2.0,1.0,2.49,0.91,3.4,2.49,4.4,Y
478,4356,M,54,6.3,87,8.2,29.0,2.3,0.7,0.8,1.18,0.32,1.5,1.48,2.87,Y
601,2345,M,55,4.16,60,7.6,34.5,6.5,2.1,1.3,4.25,0.95,5.2,3.27,5.0,Y
33,23982,M,62,4.1,63,9.5,30.0,3.6,5.1,0.9,0.38,2.32,2.7,0.42,4.0,Y
74,34364,M,55,5.5,74,8.0,27.0,4.3,1.6,0.8,2.77,0.73,3.5,3.46,5.37,Y
92,34365,M,54,3.4,38,9.3,28.0,5.3,3.3,1.0,2.8,1.5,4.3,2.8,5.3,Y
137,24017,M,51,10.4,76,7.3,33.0,3.3,2.0,1.6,0.79,0.91,1.7,0.49,2.06,Y
156,25368,F,60,4.5,39,8.7,27.0,5.2,2.1,0.8,3.45,0.95,4.4,4.31,6.5,Y
549,34366,M,53,5.6,72,9.0,29.0,8.8,4.3,1.5,5.35,1.95,7.3,3.57,5.87,Y
578,632,M,52,5.4,56,7.9,28.0,4.9,2.1,1.1,2.85,0.95,3.8,2.59,4.45,Y
417,34367,M,61,3.0,39,9.0,30.0,3.9,0.7,0.8,2.78,0.32,3.1,3.47,4.88,Y
445,34368,M,60,5.1,60,11.0,31.0,4.5,1.7,0.9,2.83,0.77,3.6,3.14,5.0,Y
467,34369,F,52,7.6,84,8.1,36.0,4.2,2.0,0.7,2.59,0.91,3.5,3.7,6.0,Y
738,34370,F,56,1.9,20,11.7,33.0,5.5,5.3,0.9,2.19,2.41,4.6,2.43,6.11,Y
49,46203,M,54,6.3,87,8.2,34.0,2.3,0.7,0.8,1.18,0.32,1.5,1.48,2.87,Y
238,344454,M,60,4.0,63,12.0,30.0,3.6,5.1,0.9,0.38,2.32,2.7,0.42,4.0,Y
594,6632,M,58,5.2,63,7.5,30.0,3.6,5.1,0.9,0.38,2.32,2.7,0.42,4.0,Y
608,66624,M,55,3.33,79,9.7,33.6,4.1,2.03,1.08,2.1,0.92,3.02,1.94,3.8,Y
81,23998,F,55,4.0,72,11.0,26.0,4.4,2.1,1.1,2.35,0.95,3.3,2.14,4.0,Y
771,34371,F,59,3.5,48,8.0,35.0,6.3,2.7,0.9,4.17,1.23,5.4,4.63,7.0,Y
587,34372,M,54,6.1,63,10.1,33.0,5.2,2.3,0.9,3.25,1.05,4.3,3.61,5.78,Y
653,34373,F,57,4.5,73,9.4,39.0,5.1,2.4,0.8,3.21,1.09,4.3,4.01,6.37,Y
22,34374,F,54,8.5,59,7.9,38.0,4.8,2.4,1.8,1.91,1.09,3.0,1.06,2.67,Y
241,34376,M,60,4.5,62,9.4,33.0,4.1,1.6,1.1,2.27,0.73,3.0,2.06,3.73,Y
593,34377,F,61,5.2,64,10.3,32.0,7.3,3.3,1.0,4.8,1.5,6.3,4.8,7.3,Y
196,48609,F,55,2.7,53,7.3,29.0,4.1,3.3,0.9,1.7,1.5,3.2,1.89,4.56,Y
300,34378,M,63,4.3,42,9.0,26.0,4.2,3.4,0.9,1.75,1.55,3.3,1.94,4.67,Y
396,34379,M,55,4.6,54,6.8,27.0,4.9,2.2,0.7,3.2,1.0,4.2,4.57,7.0,Y
447,34380,M,52,4.4,61,9.0,28.0,5.9,3.5,0.7,3.61,1.59,5.2,5.16,8.43,Y
495,34381,F,51,3.0,41,8.3,29.0,4.0,2.8,0.7,2.03,1.27,3.3,2.9,5.71,Y
629,34382,F,58,2.7,53,7.3,30.0,4.8,3.3,0.9,2.4,1.5,3.9,2.67,5.33,Y
748,34383,F,55,4.4,68,8.0,31.0,4.6,2.2,0.9,2.7,1.0,3.7,3.0,5.11,Y
769,34384,F,54,8.6,75,8.9,36.0,4.6,2.6,0.9,2.52,1.18,3.7,2.8,5.11,Y
51,23988,M,51,6.1,56,8.0,28.0,4.9,2.1,1.1,2.85,0.95,3.8,2.59,4.45,Y
111,24008,F,58,5.0,62,9.3,31.0,5.8,3.6,1.1,3.06,1.64,4.7,2.78,5.27,Y
202,34265,F,63,4.8,52,8.9,28.0,4.8,1.5,1.0,3.12,0.68,3.8,3.12,4.8,Y
657,34385,M,53,7.8,64,8.0,33.0,6.4,3.5,1.7,3.11,1.59,4.7,1.83,3.76,Y
112,34386,F,61,4.1,55,8.5,35.0,4.8,2.2,1.4,2.4,1.0,3.4,1.71,3.43,Y
151,40468,M,54,4.7,78,7.3,29.0,3.6,1.7,0.8,2.03,0.77,2.8,2.54,4.5,Y
757,34387,M,60,3.0,55,7.7,33.0,4.2,4.9,1.6,0.37,2.23,2.6,0.23,2.62,Y
139,49040,M,53,2.0,55,7.7,27.0,4.4,3.3,0.9,2.0,1.5,3.5,2.22,4.89,Y
261,34388,M,52,3.9,44,11.0,39.0,3.4,1.2,0.9,1.95,0.55,2.5,2.17,3.78,Y
265,34389,M,56,2.0,55,7.7,38.0,4.4,3.3,0.9,2.0,1.5,3.5,2.22,4.89,Y
336,41096,M,55,5.5,72,8.9,30.0,5.3,3.3,0.95,2.85,1.5,4.35,3.0,5.58,Y
355,34390,F,59,5.1,87,7.6,37.0,5.9,2.1,1.6,3.35,0.95,4.3,2.09,3.69,Y
542,98023,M,53,2.0,55,7.7,32.0,4.4,3.3,0.9,2.0,1.5,3.5,2.22,4.89,Y
613,94345,M,55,4.0,71,6.9,34.05,4.8,2.2,1.1,2.7,1.0,3.7,2.45,4.36,Y
683,34391,F,54,6.0,61,8.0,33.0,5.2,3.4,3.2,0.45,1.55,2.0,0.14,1.62,Y
244,34392,F,57,7.7,62,8.6,32.0,3.3,1.4,1.1,1.56,0.64,2.2,1.42,3.0,Y
406,34393,M,54,3.7,87,8.0,26.0,4.5,2.2,0.5,3.0,1.0,4.0,6.0,9.0,Y
408,47555,M,57,6.4,75,7.3,30.1,6.1,4.3,1.2,2.95,1.95,4.9,2.46,5.08,Y
793,34394,M,60,2.7,35,9.0,27.0,4.4,2.0,0.6,2.89,0.91,3.8,4.82,7.33,Y
13,34395,F,60,5.4,47,6.8,28.0,5.1,2.1,1.1,3.05,0.95,4.0,2.77,4.64,Y
17,34396,M,61,3.8,62,8.9,29.0,6.8,4.3,1.2,3.65,1.95,5.6,3.04,5.67,Y
45,23986,M,57,4.1,63,9.7,30.0,3.6,5.1,0.9,0.38,2.32,2.7,0.42,4.0,Y
192,34397,M,63,3.9,58,6.4,30.0,4.8,2.0,1.4,2.49,0.91,3.4,1.78,3.43,Y
346,41079,M,55,4.0,71,7.8,33.0,4.2,3.7,1.2,1.32,1.68,3.0,1.1,3.5,Y
384,47478,F,52,8.6,87,11.3,30.0,6.9,2.6,1.2,4.52,1.18,5.7,3.77,5.75,Y
460,34398,M,55,8.6,73,10.2,31.0,3.9,2.0,1.5,1.49,0.91,2.4,0.99,2.6,Y
5,35150,M,63,7.0,84,8.1,28.0,6.0,2.2,1.1,3.9,1.0,4.9,3.55,5.45,Y
54,23989,F,63,4.2,72,9.3,26.0,4.4,2.1,1.1,2.35,0.95,3.3,2.14,4.0,Y
165,6093,F,58,3.3,30,10.2,27.0,6.3,2.4,1.9,3.31,1.09,4.4,1.74,3.32,Y
387,17416,M,56,5.0,84,8.6,33.0,5.0,1.7,1.45,2.78,0.77,3.55,1.92,3.45,Y
761,34399,F,52,3.6,46,10.1,36.0,5.2,3.3,0.9,2.8,1.5,4.3,3.11,5.78,Y
763,34400,F,51,3.1,36,6.8,33.0,2.9,1.0,1.0,1.45,0.45,1.9,1.45,2.9,Y
262,47889,M,55,4.1,86,10.0,30.0,4.9,0.7,1.2,3.38,0.32,3.7,2.82,4.08,Y
397,47514,M,55,2.7,39,11.7,30.0,3.9,0.6,1.3,2.33,0.27,2.6,1.79,3.0,Y
681,34401,F,58,4.5,53,9.0,35.0,5.5,3.2,3.2,0.85,1.45,2.3,0.27,1.72,Y
749,34402,M,55,4.1,86,10.0,33.0,4.9,0.7,1.2,3.38,0.32,3.7,2.82,4.08,Y
321,34403,F,54,2.5,35,10.7,39.0,5.6,3.0,1.1,3.14,1.36,4.5,2.85,5.09,Y
381,32336,M,58,5.9,61,8.0,29.0,4.3,2.4,0.9,2.31,1.09,3.4,2.57,4.78,Y
727,34404,M,53,5.5,60,5.8,38.0,5.4,2.2,1.6,2.8,1.0,3.8,1.75,3.38,Y
79,46202,M,55,4.9,56,7.7,30.0,3.0,0.3,1.3,1.56,0.14,1.7,1.2,2.31,Y
175,45520,F,69,14.5,243,10.5,32.0,5.3,3.8,1.4,2.17,1.73,3.9,1.55,3.79,Y
286,34405,M,61,3.1,42,7.2,37.0,5.8,3.9,1.0,3.03,1.77,4.8,3.03,5.8,Y
512,20098,M,51,4.9,56,7.7,30.0,3.0,0.3,1.3,1.56,0.14,1.7,1.2,2.31,Y
555,34406,M,60,14.5,179,8.7,33.0,5.0,1.8,1.1,3.08,0.82,3.9,2.8,4.55,Y
94,34407,M,52,3.4,52,8.8,32.0,3.5,2.0,2.0,0.59,0.91,1.5,0.3,1.75,Y
147,4369,F,51,3.8,38,10.0,33.0,4.6,1.0,1.3,2.85,0.45,3.3,2.19,3.54,Y
249,48822,M,55,4.2,57,8.9,27.0,5.3,3.1,0.7,3.19,1.41,4.6,4.56,7.57,Y
394,34408,M,56,5.9,68,8.0,26.0,5.1,2.5,0.7,3.26,1.14,4.4,4.66,7.29,Y
638,744467,M,55,3.66,61,9.9,30.1,5.3,3.3,0.9,2.9,1.5,4.4,3.22,5.89,Y
737,34409,M,59,4.2,57,8.9,27.0,5.3,3.1,0.7,3.19,1.41,4.6,4.56,7.57,Y
14,43261,F,64,2.0,35,7.9,33.0,5.3,3.1,0.9,2.99,1.41,4.4,3.32,5.89,Y
105,24006,F,56,5.1,72,8.1,26.0,4.4,2.1,1.1,2.35,0.95,3.3,2.14,4.0,Y
333,34410,F,54,3.8,50,10.2,28.0,4.7,1.2,1.6,2.55,0.55,3.1,1.59,2.94,Y
369,34411,M,57,8.9,120,6.3,29.0,4.2,3.9,1.4,1.03,1.77,2.8,0.74,3.0,Y
385,34412,M,54,6.7,97,9.5,30.0,6.1,2.3,1.3,3.75,1.05,4.8,2.88,4.69,Y
649,34413,F,60,4.9,51,7.4,31.0,2.6,2.7,0.9,0.47,1.23,1.7,0.52,2.89,Y
677,34414,F,60,3.6,36,8.3,36.0,5.9,2.0,1.0,3.99,0.91,4.9,3.99,5.9,Y
784,34415,F,61,4.1,45,8.0,33.0,4.2,0.9,1.6,2.19,0.41,2.6,1.37,2.62,Y
38,45824,F,54,11.3,130,7.7,33.0,6.3,5.4,0.8,3.05,2.45,5.5,3.81,7.87,Y
84,23999,F,60,4.1,56,13.1,29.0,4.4,2.0,1.0,2.49,0.91,3.4,2.49,4.4,Y
153,45219,M,60,5.5,70,10.4,31.0,9.9,3.5,1.0,7.31,1.59,8.9,7.31,9.9,Y
157,34416,M,63,4.4,57,11.3,35.0,9.8,1.9,1.1,7.84,0.86,8.7,7.13,8.91,Y
557,34417,M,55,4.2,68,8.3,33.0,4.8,3.1,0.4,2.99,1.41,4.4,7.48,12.0,Y
604,876543,M,66,5.5,73,10.9,27.75,9.3,5.1,0.9,6.08,2.32,8.4,6.76,10.33,Y
439,34418,M,52,4.9,68,10.2,39.0,5.9,2.9,1.0,3.58,1.32,4.9,3.58,5.9,Y
493,34419,F,51,4.1,78,7.2,38.0,7.2,5.3,1.0,3.79,2.41,6.2,3.79,7.2,Y
606,54324,M,55,5.0,73,6.5,35.2,4.7,2.1,1.1,2.65,0.95,3.6,2.41,4.27,Y
20,34420,F,58,5.8,41,9.7,37.0,5.0,4.5,1.1,1.85,2.05,3.9,1.68,4.55,Y
376,47415,F,56,5.6,45,10.8,26.0,4.2,2.2,1.0,2.2,1.0,3.2,2.2,4.2,Y
617,64348,M,55,4.66,70,7.5,36.11,7.3,1.6,1.2,5.37,0.73,6.1,4.48,6.08,Y
216,34421,M,55,22.0,145,8.0,33.0,6.7,3.7,1.7,3.32,1.68,5.0,1.95,3.94,Y
477,34422,M,54,3.0,40,6.0,32.0,2.9,1.2,1.0,1.35,0.55,1.9,1.35,2.9,Y
775,34423,M,53,2.7,38,8.8,26.0,4.8,1.3,1.7,2.51,0.59,3.1,1.48,2.82,Y
32,45752,M,68,7.1,79,9.4,31.0,3.7,3.7,0.8,1.22,1.68,2.9,1.52,4.62,Y
232,34424,M,61,3.0,42,8.0,27.0,6.0,3.1,1.0,3.59,1.41,5.0,3.59,6.0,Y
480,7687,M,53,5.2,59,7.8,33.0,4.9,2.1,0.9,3.05,0.95,4.0,3.39,5.44,Y
487,34425,F,60,5.9,41,6.6,28.0,2.8,2.7,0.5,1.07,1.23,2.3,2.14,5.6,Y
767,34426,M,52,11.0,26,8.3,29.0,6.8,3.7,0.9,4.22,1.68,5.9,4.69,7.56,Y
2,44835,M,60,2.1,56,7.6,36.6,3.3,1.7,0.9,1.63,0.77,2.4,1.81,3.67,Y
279,2143,M,51,5.5,75,10.8,36.6,3.9,1.2,1.1,2.25,0.55,2.8,2.05,3.55,Y
618,23457,M,55,3.33,68,7.2,38.62,4.0,2.3,1.05,1.9,1.05,2.95,1.81,3.81,Y
52,2850,M,53,5.2,59,7.8,30.0,4.9,2.1,0.9,3.05,0.95,4.0,3.39,5.44,Y
180,34427,F,56,2.6,68,8.0,30.0,3.0,2.0,1.1,0.99,0.91,1.9,0.9,2.73,Y
609,34429,M,54,5.0,59,9.3,36.0,3.8,1.0,1.8,1.55,0.45,2.0,0.86,2.11,Y
60,23991,M,55,6.5,72,7.4,35.0,4.4,1.3,1.0,2.81,0.59,3.4,2.81,4.4,Y
469,34430,F,57,3.7,36,10.6,33.0,5.9,1.6,1.2,3.97,0.73,4.7,3.31,4.92,Y
28,34431,F,54,3.4,52,12.0,35.0,4.4,1.3,1.9,1.91,0.59,2.5,1.01,2.32,Y
96,24003,F,53,3.3,48,12.8,37.0,5.1,3.0,0.9,2.84,1.36,4.2,3.16,5.67,Y
103,1859,M,51,3.2,49,6.7,34.0,4.6,1.2,1.3,2.75,0.55,3.3,2.12,3.54,Y
104,34432,M,60,5.6,74,2.0,33.0,5.2,2.0,1.6,2.69,0.91,3.6,1.68,3.25,Y
378,34433,F,60,5.1,45,6.3,39.0,5.2,1.5,1.6,2.92,0.68,3.6,1.82,3.25,Y
481,34434,M,61,0.5,59,7.5,38.0,4.5,1.8,1.0,2.68,0.82,3.5,2.68,4.5,Y
522,2567,M,55,3.2,49,6.7,30.2,4.6,1.2,1.3,2.75,0.55,3.3,2.12,3.54,Y
776,34435,F,63,6.1,46,9.8,37.0,3.9,0.8,1.8,1.74,0.36,2.1,0.97,2.17,Y
141,49036,M,55,2.6,48,11.8,36.0,5.1,1.2,1.0,3.55,0.55,4.1,3.55,5.1,Y
267,34436,M,55,2.6,48,11.8,33.0,5.1,1.2,1.0,3.55,0.55,4.1,3.55,5.1,Y
280,34437,F,52,3.3,37,9.0,32.0,3.1,1.0,0.8,1.85,0.45,2.3,2.31,3.88,Y
382,34438,M,51,3.4,40,14.7,26.0,2.6,1.1,0.6,1.5,0.5,2.0,2.5,4.33,Y
544,18645,M,55,2.6,48,11.8,30.0,5.1,1.2,1.0,3.55,0.55,4.1,3.55,5.1,Y
559,34439,F,58,3.0,50,11.9,27.0,4.4,1.6,1.0,2.67,0.73,3.4,2.67,4.4,Y
762,34440,M,55,7.8,99,7.1,28.0,2.7,1.0,0.8,1.45,0.45,1.9,1.81,3.38,Y
29,4035,F,64,5.3,48,7.3,31.0,3.5,1.4,1.1,1.76,0.64,2.4,1.6,3.18,Y
80,34441,M,54,5.4,84,8.1,29.0,5.2,3.3,1.4,2.3,1.5,3.8,1.64,3.71,Y
499,34442,F,53,4.7,53,8.6,30.0,6.2,1.7,1.1,4.33,0.77,5.1,3.94,5.64,Y
268,11868,F,55,4.4,48,7.7,29.0,3.4,0.7,1.0,2.08,0.32,2.4,2.08,3.4,Y
271,48885,M,67,7.8,99,7.1,29.63,2.7,1.0,0.8,1.45,0.45,1.9,1.81,3.38,Y
288,34443,M,61,7.8,89,10.9,31.0,4.9,1.7,1.0,3.13,0.77,3.9,3.13,4.9,Y
403,7363,F,56,7.7,68,9.8,27.0,6.1,3.2,0.7,3.95,1.45,5.4,5.64,8.71,Y
679,34444,F,60,3.7,53,9.0,36.0,5.8,2.0,1.4,3.49,0.91,4.4,2.49,4.14,Y
755,34445,F,52,4.4,48,7.7,33.0,3.4,0.7,1.0,2.08,0.32,2.4,2.08,3.4,Y
766,34446,F,56,5.6,46,9.1,35.0,5.6,5.8,1.6,1.36,2.64,4.0,0.85,3.5,Y
142,34447,F,59,6.2,68,8.1,33.0,5.5,2.2,0.7,3.8,1.0,4.8,5.43,7.86,Y
330,34448,M,54,6.8,73,7.5,39.0,5.1,2.0,1.3,2.89,0.91,3.8,2.22,3.92,Y
720,34449,F,57,4.5,68,9.0,38.0,4.5,4.1,0.7,1.94,1.86,3.8,2.77,6.43,Y
70,34450,M,54,5.3,88,8.0,37.0,5.0,6.7,0.9,1.05,3.05,4.1,1.17,5.56,Y
538,34451,M,60,3.3,73,9.0,33.0,5.1,3.0,1.1,2.64,1.36,4.0,2.4,4.64,Y
556,654,F,67,4.5,56,13.1,29.0,4.4,2.0,1.0,2.49,0.91,3.4,2.49,4.4,Y
695,34452,F,60,3.8,34,8.3,32.0,4.3,3.0,1.4,1.54,1.36,2.9,1.1,3.07,Y
774,34453,F,61,13.2,98,8.0,26.0,6.6,4.5,1.6,2.95,2.05,5.0,1.84,4.12,Y
53,34454,M,63,6.6,64,9.4,27.0,4.0,0.9,0.9,2.69,0.41,3.1,2.99,4.44,Y
136,7747,F,61,24.0,401,7.0,30.0,4.3,2.9,0.4,2.58,1.32,3.9,6.45,10.75,Y
363,34455,F,55,24.0,401,6.3,28.0,4.3,2.9,0.4,2.58,1.32,3.9,6.45,10.75,Y
501,34456,M,52,5.3,56,8.8,29.0,5.3,2.5,1.1,3.06,1.14,4.2,2.78,4.82,Y
540,2570,F,61,24.0,401,7.0,36.6,4.3,2.9,0.4,2.58,1.32,3.9,6.45,10.75,Y
592,8876,M,54,5.1,56,8.5,28.0,4.9,2.1,1.1,2.85,0.95,3.8,2.59,4.45,Y
603,34457,M,51,4.0,95,7.1,30.0,4.2,1.9,0.9,2.44,0.86,3.3,2.71,4.67,Y
289,23610,M,52,5.3,95,7.8,28.0,4.9,4.9,0.9,1.77,2.23,4.0,1.97,5.44,Y
550,123,F,51,4.2,72,11.2,26.0,4.4,2.1,1.1,2.35,0.95,3.3,2.14,4.0,Y
95,46377,F,55,4.9,63,3.7,26.0,6.1,1.6,1.4,3.97,0.73,4.7,2.84,4.36,Y
661,34458,M,58,10.0,112,9.0,31.0,4.5,2.9,1.9,1.28,1.32,2.6,0.67,2.37,Y
667,34459,F,55,6.2,52,9.3,36.0,5.6,3.7,1.3,2.62,1.68,4.3,2.02,4.31,Y
152,24022,M,60,4.2,39,8.8,34.0,4.5,2.2,1.1,2.4,1.0,3.4,2.18,4.09,Y
517,34460,M,54,5.8,76,7.3,33.0,5.1,1.2,1.8,2.75,0.55,3.3,1.53,2.83,Y
561,34461,F,53,10.3,83,10.9,35.0,7.2,3.4,1.8,3.85,1.55,5.4,2.14,4.0,Y
585,34462,F,61,3.0,40,12.4,33.0,4.7,1.5,0.9,3.12,0.68,3.8,3.47,5.22,Y
116,24010,M,62,5.0,63,12.2,30.0,3.6,5.1,0.9,0.38,2.32,2.7,0.42,4.0,Y
90,24001,F,55,4.0,56,13.7,37.0,4.4,2.0,1.0,2.49,0.91,3.4,2.49,4.4,Y
164,24026,M,63,5.9,63,7.1,30.0,3.6,5.1,0.9,0.38,2.32,2.7,0.42,4.0,Y
518,2348,F,55,4.9,63,3.7,34.0,6.1,1.6,1.4,3.97,0.73,4.7,2.84,4.36,Y
259,43494,F,57,3.2,31,11.9,30.1,6.1,2.6,0.9,4.02,1.18,5.2,4.47,6.78,Y
747,34463,F,60,3.2,31,11.9,39.0,6.1,2.6,0.9,4.02,1.18,5.2,4.47,6.78,Y
23,26062,F,70,5.5,38,8.7,30.0,5.9,1.3,1.4,3.91,0.59,4.5,2.79,4.21,Y
171,42329,F,79,5.2,54,9.2,30.0,6.4,3.0,1.1,3.94,1.36,5.3,3.58,5.82,Y
204,5237,F,54,5.3,45,9.0,27.0,5.7,3.3,0.8,3.4,1.5,4.9,4.25,7.12,Y
448,1645,F,66,4.9,41,5.7,30.0,5.2,1.4,0.9,3.66,0.64,4.3,4.07,5.78,Y
687,34464,F,52,5.3,45,9.0,38.0,5.7,3.3,3.6,0.6,1.5,2.1,0.17,1.58,Y
298,47157,M,68,7.4,98,12.9,29.0,8.8,4.5,1.1,5.65,2.05,7.7,5.14,8.0,Y
83,34465,F,56,4.7,55,12.6,37.0,7.9,5.0,1.3,4.33,2.27,6.6,3.33,6.08,Y
352,35706,F,55,2.9,41,9.5,26.0,5.9,1.7,1.2,3.93,0.77,4.7,3.28,4.92,Y
451,34466,M,59,6.8,62,8.9,33.0,4.5,1.2,0.9,3.05,0.55,3.6,3.39,5.0,Y
541,34467,M,54,4.9,66,8.7,32.0,5.7,2.3,1.1,3.55,1.05,4.6,3.23,5.18,Y
553,244,M,54,4.3,63,12.1,30.0,3.6,5.1,0.9,0.38,2.32,2.7,0.42,4.0,Y
752,34468,M,57,7.4,43,9.0,26.0,3.9,1.4,0.7,2.56,0.64,3.2,3.66,5.57,Y
98,34469,F,54,3.8,32,10.8,27.0,3.4,0.8,1.4,1.64,0.36,2.0,1.17,2.43,Y
121,48925,M,76,5.9,56,10.9,33.0,4.6,7.0,0.6,0.82,3.18,4.0,1.37,7.67,Y
532,3592,M,76,5.9,56,10.9,31.0,4.6,7.0,0.6,0.82,3.18,4.0,1.37,7.67,Y
610,85653,M,55,6.833,64,6.7,27.0,4.8,2.8,0.9,2.63,1.27,3.9,2.92,5.33,Y
659,34470,F,60,4.9,45,10.6,28.0,6.7,5.9,0.9,3.12,2.68,5.8,3.47,7.44,Y
724,34471,F,60,3.8,44,9.4,29.0,7.0,2.2,0.5,5.5,1.0,6.5,11.0,14.0,Y
782,34472,M,61,5.9,56,10.9,30.0,4.6,7.0,0.6,0.82,3.18,4.0,1.37,7.67,Y
8,45703,M,51,3.9,53,10.9,29.0,3.6,1.1,0.8,2.3,0.5,2.8,2.87,4.5,Y
11,45702,F,54,7.0,72,7.6,31.0,4.9,2.8,0.8,2.83,1.27,4.1,3.54,6.12,Y
246,48817,M,56,6.3,87,12.4,26.0,5.0,2.3,0.8,3.15,1.05,4.2,3.94,6.25,Y
736,34473,M,63,6.3,87,12.4,31.0,5.0,2.3,0.8,3.15,1.05,4.2,3.94,6.25,Y
34,34474,M,55,3.6,74,11.7,36.0,6.0,3.3,1.0,3.5,1.5,5.0,3.5,6.0,Y
93,24002,M,59,4.0,56,10.0,28.0,4.9,2.1,1.1,2.85,0.95,3.8,2.59,4.45,Y
133,47768,M,55,11.1,139,10.8,26.0,4.8,2.2,0.9,2.9,1.0,3.9,3.22,5.33,Y
358,34475,M,52,4.1,139,10.8,33.0,4.8,2.2,0.9,2.9,1.0,3.9,3.22,5.33,Y
539,14560,M,55,11.1,139,10.8,31.0,4.8,2.2,0.9,2.9,1.0,3.9,3.22,5.33,Y
791,34476,M,51,3.7,58,9.0,35.0,6.2,1.5,1.6,3.92,0.68,4.6,2.45,3.88,Y
310,47177,M,55,6.7,56,10.6,36.6,6.2,1.6,1.35,4.12,0.73,4.85,3.05,4.59,Y
327,43671,F,62,9.6,66,10.7,29.0,5.3,2.7,0.7,3.37,1.23,4.6,4.81,7.57,Y
88,34477,M,58,5.3,62,10.2,33.0,4.1,3.8,1.1,1.27,1.73,3.0,1.15,3.73,Y
178,1218,F,67,3.2,38,8.7,30.0,5.0,3.0,1.1,2.54,1.36,3.9,2.31,4.55,Y
337,34478,F,55,2.1,39,8.5,39.0,4.4,1.9,1.5,2.04,0.86,2.9,1.36,2.93,Y
360,34479,F,54,3.7,38,11.6,38.0,4.7,4.0,0.8,2.08,1.82,3.9,2.6,5.88,Y
361,11590,F,55,2.6,36,8.4,30.0,6.3,1.5,2.6,3.02,0.68,3.7,1.16,2.42,Y
631,98776,M,55,6.5,65,10.2,30.1,10.3,2.6,1.03,8.09,1.18,9.27,7.85,10.0,Y
441,34480,F,53,3.9,45,11.5,37.0,5.2,2.2,1.2,3.0,1.0,4.0,2.5,4.33,Y
554,345,M,55,4.4,56,10.0,28.0,4.9,2.1,1.1,2.85,0.95,3.8,2.59,4.45,Y
591,34481,F,61,2.5,45,11.6,33.0,9.7,13.8,1.0,2.43,6.27,8.7,2.43,9.7,Y
623,34482,F,60,4.8,39,13.0,32.0,6.9,2.7,1.6,4.07,1.23,5.3,2.54,4.31,Y
89,32625,M,55,5.2,67,5.5,30.0,5.9,2.0,0.8,4.19,0.91,5.1,5.24,7.38,Y
291,43604,F,59,4.8,45,10.6,30.0,5.2,2.6,1.4,2.62,1.18,3.8,1.87,3.71,Y
514,3247,M,55,5.2,67,7.5,29.0,5.9,2.0,0.8,4.19,0.91,5.1,5.24,7.38,Y
71,42564,M,54,3.4,57,9.7,31.0,5.4,2.4,0.8,3.51,1.09,4.6,4.39,6.75,Y
507,4509,M,54,3.4,57,9.7,27.0,5.4,2.4,0.8,3.51,1.09,4.6,4.39,6.75,Y
235,34483,M,52,4.7,56,10.2,26.0,4.7,1.7,1.2,2.73,0.77,3.5,2.28,3.92,Y
334,22261,F,51,2.5,45,7.4,29.0,5.2,4.9,1.0,1.97,2.23,4.2,1.97,5.2,Y
465,34484,F,56,2.3,22,10.2,27.0,5.8,2.0,1.1,3.79,0.91,4.7,3.45,5.27,Y
513,34485,M,59,4.5,59,12.5,28.0,5.7,2.7,1.2,3.27,1.23,4.5,2.72,4.75,Y
595,34486,M,54,7.4,84,10.7,29.0,4.1,2.2,0.9,2.2,1.0,3.2,2.44,4.56,Y
575,34487,M,57,5.7,69,6.3,30.0,5.2,2.6,1.1,2.92,1.18,4.1,2.65,4.73,Y
751,34488,F,54,8.7,120,8.1,31.0,4.0,1.8,1.7,1.48,0.82,2.3,0.87,2.35,Y
213,34303,M,51,10.4,76,7.3,33.0,3.3,2.0,1.0,1.39,0.91,2.3,1.39,3.3,Y
506,34304,M,60,4.2,39,8.8,34.0,4.5,2.2,0.8,2.7,1.0,3.7,3.38,5.62,Y
573,34489,M,60,5.7,74,12.7,36.0,4.5,2.1,0.9,2.65,0.95,3.6,2.94,5.0,Y
473,34490,M,60,5.0,55,10.0,33.0,4.5,1.3,0.9,3.01,0.59,3.6,3.34,5.0,Y
459,48353,M,67,13.3,107,7.1,27.0,3.0,2.2,0.8,1.2,1.0,2.2,1.5,3.75,Y
663,34492,F,63,7.9,80,8.0,33.0,4.7,1.5,1.9,2.12,0.68,2.8,1.12,2.47,Y
214,27458,F,55,4.5,34,10.4,28.36,4.7,2.5,0.2,3.36,1.14,4.5,16.8,23.5,Y
324,2094,F,55,3.9,49,12.2,30.0,4.8,2.1,1.8,2.05,0.95,3.0,1.14,2.67,Y
223,23350,M,66,4.6,50,11.0,26.0,3.5,0.6,0.8,2.43,0.27,2.7,3.04,4.38,Y
303,47175,M,68,2.9,35,11.5,33.0,4.9,2.1,2.3,1.65,0.95,2.6,0.72,2.13,Y
567,7324,F,60,5.6,72,7.5,26.0,4.4,2.1,1.1,2.35,0.95,3.3,2.14,4.0,Y
641,86422,M,55,3.66,60,10.8,47.75,7.3,1.6,1.2,5.37,0.73,6.1,4.48,6.08,Y
722,34493,M,55,4.6,50,9.0,39.0,3.5,0.6,0.8,2.43,0.27,2.7,3.04,4.38,Y
599,34494,F,52,6.0,45,11.1,38.0,4.7,0.7,1.0,3.38,0.32,3.7,3.38,4.7,Y
697,34495,F,51,4.5,34,10.4,37.0,4.7,2.5,3.4,0.16,1.14,1.3,0.05,1.38,Y
531,34496,M,58,2.0,72,10.9,33.0,4.8,1.6,1.0,3.07,0.73,3.8,3.07,4.8,Y
644,853224,M,55,6.66,61,7.7,37.62,4.1,2.03,1.08,2.1,0.92,3.02,1.94,3.8,Y
364,15475,F,56,2.8,36,13.6,36.6,6.5,4.4,1.85,2.65,2.0,4.65,1.43,3.51,Y
373,47337,M,56,4.1,51,11.5,31.0,5.9,1.7,1.73,3.4,0.77,4.17,1.97,3.41,Y
388,34497,M,55,4.0,64,9.7,32.0,5.3,3.6,0.7,2.96,1.64,4.6,4.23,7.57,Y
732,34498,F,54,2.0,37,13.8,26.0,5.0,1.2,1.6,2.85,0.55,3.4,1.78,3.12,Y
745,34499,M,53,7.5,230,11.6,27.0,9.1,1.5,1.4,7.02,0.68,7.7,5.01,6.5,Y
25,42448,M,55,8.6,68,6.4,29.0,4.9,1.2,1.3,3.05,0.55,3.6,2.35,3.77,Y
328,34500,F,61,4.6,40,10.6,28.0,7.2,4.9,1.35,3.62,2.23,5.85,2.68,5.33,Y
607,34501,M,60,9.6,83,11.5,29.0,4.1,1.4,1.8,1.66,0.64,2.3,0.92,2.28,Y
665,34502,F,52,4.0,58,9.0,30.0,4.6,3.1,1.8,1.39,1.41,2.8,0.77,2.56,Y
107,42927,M,60,6.4,83,12.3,31.0,4.0,1.9,0.7,2.44,0.86,3.3,3.49,5.71,Y
524,23356,M,60,6.4,83,12.3,29.0,4.0,1.9,0.7,2.44,0.86,3.3,3.49,5.71,Y
792,34503,M,56,4.2,70,6.9,31.0,4.2,2.6,1.8,1.22,1.18,2.4,0.68,2.33,Y
43,27010,F,64,7.1,68,8.0,31.0,5.6,2.6,0.8,3.62,1.18,4.8,4.52,7.0,Y
768,34504,M,59,3.4,62,8.0,36.0,5.5,2.5,1.1,3.26,1.14,4.4,2.96,5.0,Y
779,34505,F,54,2.8,22,14.6,33.0,4.0,1.0,1.8,1.75,0.45,2.2,0.97,2.22,Y
77,34506,M,57,2.5,55,13.0,35.0,6.3,7.2,1.2,1.83,3.27,5.1,1.52,5.25,Y
412,10969,M,55,3.8,50,9.6,32.0,5.7,4.5,1.0,2.65,2.05,4.7,2.65,5.7,Y
569,34508,F,60,3.2,87,10.5,39.0,4.6,4.0,0.9,1.88,1.82,3.7,2.09,5.11,Y
621,98564,M,55,5.0,81,3.7,35.16,5.7,1.19,1.1,4.06,0.54,4.6,3.69,5.18,Y
172,34509,M,60,5.1,62,12.3,38.0,6.1,3.8,1.1,3.27,1.73,5.0,2.97,5.55,Y
340,34510,M,61,6.5,78,9.2,37.0,6.5,2.4,1.7,3.71,1.09,4.8,2.18,3.82,Y
632,56743,M,55,4.16,30,6.8,27.33,6.12,3.5,1.03,3.5,1.59,5.09,3.4,5.94,Y
217,21761,F,59,5.7,86,9.3,31.0,5.3,2.7,1.0,3.07,1.23,4.3,3.07,5.3,Y
292,34511,M,63,7.9,88,7.4,33.0,4.7,2.0,1.4,2.39,0.91,3.3,1.71,3.36,Y
711,34512,F,55,5.7,86,9.3,32.0,5.3,2.7,1.0,3.07,1.23,4.3,3.07,5.3,Y
130,32171,F,55,4.7,34,9.9,34.0,5.1,4.5,0.6,2.45,2.05,4.5,4.08,8.5,Y
349,39807,F,58,2.7,39,10.1,30.0,6.3,2.4,1.4,3.81,1.09,4.9,2.72,4.5,Y
537,2407,F,55,4.7,34,9.9,31.0,5.1,4.5,0.6,2.45,2.05,4.5,4.08,8.5,Y
795,34513,F,52,4.7,34,9.9,26.0,5.1,4.5,0.6,2.45,2.05,4.5,4.08,8.5,Y
101,34514,M,51,3.2,61,13.7,27.0,3.5,1.0,0.9,2.15,0.45,2.6,2.39,3.89,Y
190,34515,M,58,5.8,76,9.7,28.0,8.4,6.3,0.9,4.64,2.86,7.5,5.16,9.33,Y
391,42211,F,51,2.5,35,9.6,26.0,3.0,0.7,1.3,1.38,0.32,1.7,1.06,2.31,Y
527,34516,F,55,4.0,56,9.4,29.0,6.4,4.1,1.0,3.54,1.86,5.4,3.54,6.4,Y
633,34517,M,54,4.0,76,9.2,30.0,5.7,4.2,0.9,2.89,1.91,4.8,3.21,6.33,Y
44,34518,F,53,4.2,39,8.0,31.0,5.7,4.2,0.9,2.89,1.91,4.8,3.21,6.33,Y
579,34519,M,61,7.2,75,9.0,36.0,2.9,0.7,1.0,1.58,0.32,1.9,1.58,2.9,Y
26,34520,M,60,7.5,83,7.6,33.0,4.6,4.6,0.6,1.91,2.09,4.0,3.18,7.67,Y
571,34521,M,52,7.5,90,10.5,35.0,3.0,1.5,0.6,1.72,0.68,2.4,2.87,5.0,Y
433,12662,M,59,5.3,70,9.8,30.0,5.2,3.4,1.35,2.3,1.55,3.85,1.7,3.85,Y
454,3034,F,52,2.8,35,12.8,36.6,4.8,4.0,1.1,1.88,1.82,3.7,1.71,4.36,Y
199,48613,F,68,4.2,41,11.9,30.0,4.0,1.1,2.3,1.2,0.5,1.7,0.52,1.74,Y
639,34523,F,59,4.2,41,11.9,39.0,4.0,1.1,2.3,1.2,0.5,1.7,0.52,1.74,Y
229,48786,F,64,2.2,89,11.8,30.0,6.7,2.0,0.9,4.89,0.91,5.8,5.43,7.44,Y
400,34524,M,54,4.0,55,11.3,38.0,5.3,7.7,0.7,1.1,3.5,4.6,1.57,7.57,Y
713,34525,M,57,1.1,27,12.3,37.0,3.1,1.6,1.7,0.67,0.73,1.4,0.39,1.82,Y
728,34526,F,54,2.2,29,11.8,33.0,6.7,2.0,0.9,4.89,0.91,5.8,5.43,7.44,Y
193,48088,F,55,6.0,43,11.2,32.0,2.4,1.3,0.4,1.41,0.59,2.0,3.52,6.0,Y
274,48567,F,55,3.5,32,14.5,26.0,5.3,1.5,0.7,3.92,0.68,4.6,5.6,7.57,Y
442,47994,M,55,4.6,48,11.2,30.0,5.1,3.5,1.7,1.81,1.59,3.4,1.06,3.0,Y
455,34527,M,60,6.2,35,8.5,32.0,5.8,2.9,0.4,4.08,1.32,5.4,10.2,14.5,Y
457,48312,M,51,3.3,41,13.9,27.17,6.0,1.1,1.4,4.1,0.5,4.6,2.93,4.29,Y
619,34528,F,60,6.6,43,11.2,26.0,2.4,1.3,0.4,1.41,0.59,2.0,3.52,6.0,Y
627,755889,M,55,5.0,64,12.3,37.0,6.0,3.9,0.8,3.43,1.77,5.2,4.29,7.5,Y
765,34529,F,61,3.5,32,14.5,27.0,5.3,1.5,0.7,3.92,0.68,4.6,5.6,7.57,Y
551,34530,M,63,3.5,54,10.1,28.0,5.9,3.1,1.1,3.39,1.41,4.8,3.08,5.36,Y
124,48938,M,55,5.3,49,10.5,32.0,5.6,5.5,0.7,2.4,2.5,4.9,3.43,8.0,Y
331,43539,F,55,5.3,33,8.8,26.0,4.5,1.4,1.9,1.96,0.64,2.6,1.03,2.37,Y
343,34531,F,55,2.4,36,12.4,29.0,4.3,2.4,1.8,1.41,1.09,2.5,0.78,2.39,Y
535,9625,M,55,5.3,49,10.5,27.4,5.6,5.5,0.7,2.4,2.5,4.9,3.43,8.0,Y
756,34532,M,52,6.0,72,10.5,30.0,5.7,3.6,1.0,3.06,1.64,4.7,3.06,5.7,Y
786,34533,M,51,5.3,49,10.5,31.0,5.6,5.5,0.7,2.4,2.5,4.9,3.43,8.0,Y
283,47065,M,57,3.6,56,11.9,31.0,5.4,1.5,1.1,3.62,0.68,4.3,3.29,4.91,Y
471,34534,F,58,3.7,36,10.7,36.0,4.2,0.5,0.9,3.07,0.23,3.3,3.41,4.67,Y
479,34535,M,55,3.5,76,10.3,33.0,9.7,12.7,0.9,3.03,5.77,8.8,3.37,10.78,Y
545,34536,F,54,9.0,70,10.8,35.0,3.7,3.1,1.2,1.09,1.41,2.5,0.91,3.08,Y
166,34537,M,53,5.9,67,9.9,33.0,5.2,1.8,0.9,3.48,0.82,4.3,3.87,5.78,Y
253,34538,M,61,3.6,67,10.1,39.0,5.1,1.4,0.9,3.56,0.64,4.2,3.96,5.67,Y
148,34539,F,60,4.4,49,12.3,38.0,4.6,2.3,0.9,2.65,1.05,3.7,2.94,5.11,Y
250,34540,F,52,2.6,30,10.0,37.0,5.4,2.1,0.9,3.55,0.95,4.5,3.94,6.0,Y
379,3856,M,55,5.1,61,10.5,30.0,4.6,1.5,0.8,3.12,0.68,3.8,3.9,5.75,Y
414,34541,M,56,4.6,55,10.8,33.0,3.4,2.0,0.7,1.79,0.91,2.7,2.56,4.86,Y
583,34542,F,59,6.2,62,11.6,32.0,6.3,4.4,0.9,3.4,2.0,5.4,3.78,7.0,Y
225,48773,F,54,2.7,49,13.7,30.0,6.8,1.7,0.8,5.23,0.77,6.0,6.54,8.5,Y
726,34543,F,54,2.7,49,13.7,26.0,6.2,1.7,0.8,4.63,0.77,5.4,5.79,7.75,Y
370,20794,F,55,3.1,39,12.3,28.0,5.3,1.6,1.45,3.12,0.73,3.85,2.15,3.66,Y
114,48926,M,55,4.9,33,10.2,32.0,3.9,0.6,1.3,2.33,0.27,2.6,1.79,3.0,Y
144,44836,M,60,5.4,68,11.2,30.0,6.0,2.9,1.0,3.68,1.32,5.0,3.68,6.0,Y
489,34544,F,57,2.1,44,8.9,27.0,5.2,1.1,1.0,3.7,0.5,4.2,3.7,5.2,Y
529,1495,M,55,4.9,33,10.2,27.0,3.9,0.6,1.3,2.33,0.27,2.6,1.79,3.0,Y
547,87562,M,60,5.4,68,11.2,26.0,6.0,2.9,1.0,3.68,1.32,5.0,3.68,6.0,Y
764,34545,M,54,4.5,70,10.5,28.0,4.3,2.4,1.6,1.61,1.09,2.7,1.01,2.69,Y
780,34546,M,60,4.9,33,10.2,29.0,3.9,0.6,1.3,2.33,0.27,2.6,1.79,3.0,Y
525,34547,F,60,2.1,34,12.3,30.0,6.2,5.8,1.0,2.56,2.64,5.2,2.56,6.2,Y
226,34548,F,61,7.1,45,13.6,31.0,6.6,2.6,1.1,4.32,1.18,5.5,3.93,6.0,Y
523,34549,F,63,2.8,54,11.2,36.0,4.2,1.1,1.7,2.0,0.5,2.5,1.18,2.47,Y
115,34550,M,55,5.1,71,9.7,33.0,3.2,1.4,1.0,1.56,0.64,2.2,1.56,3.2,Y
256,48858,M,55,4.4,38,13.2,34.0,3.9,1.3,1.6,1.71,0.59,2.3,1.07,2.44,Y
743,34551,M,52,4.4,38,13.2,35.0,3.9,1.3,1.6,1.71,0.59,2.3,1.07,2.44,Y
319,45370,M,55,3.7,71,9.8,31.5,5.8,7.7,1.8,0.5,3.5,4.0,0.28,3.22,Y
424,34552,M,51,4.9,72,12.5,33.0,3.2,0.9,1.0,1.79,0.41,2.2,1.79,3.2,Y
485,34553,F,58,3.1,36,10.6,39.0,5.4,4.7,1.1,2.16,2.14,4.3,1.96,4.91,Y
689,34554,M,55,5.1,39,15.9,38.0,4.2,1.2,1.4,2.25,0.55,2.8,1.61,3.0,Y
770,34555,M,54,10.4,126,10.0,37.0,4.4,1.3,1.4,2.41,0.59,3.0,1.72,3.14,Y
50,34556,M,53,14.9,327,11.0,33.0,5.9,8.7,1.0,0.95,3.95,4.9,0.95,5.9,Y
301,47150,F,60,5.0,60,14.8,32.0,3.1,2.2,1.3,0.8,1.0,1.8,0.62,2.38,Y
367,34557,M,61,5.5,70,9.2,32.0,5.5,3.0,1.6,2.54,1.36,3.9,1.59,3.44,Y
304,34558,F,60,4.5,57,14.4,26.0,6.8,2.9,1.0,4.48,1.32,5.8,4.48,6.8,Y
785,34559,M,52,3.9,74,11.7,27.0,7.0,8.5,1.6,1.54,3.86,5.4,0.96,4.38,Y
207,48704,F,64,3.6,48,15.0,32.0,7.7,4.7,0.7,4.86,2.14,7.0,6.94,11.0,Y
637,985322,M,55,4.33,44,10.5,32.65,5.7,1.3,1.5,3.61,0.59,4.2,2.41,3.8,Y
691,34560,F,56,3.6,48,15.0,28.0,7.7,4.7,5.0,0.56,2.14,2.7,0.11,1.54,Y
533,34561,F,59,6.0,28,14.6,29.0,6.1,4.4,1.2,2.9,2.0,4.9,2.42,5.08,Y
625,34562,M,54,2.9,79,10.3,30.0,5.0,3.2,1.8,1.75,1.45,3.2,0.97,2.78,Y
733,34563,F,57,4.3,41,10.2,31.0,5.5,1.1,1.4,3.6,0.5,4.1,2.57,3.93,Y
40,4084,M,55,4.1,58,10.3,29.0,7.3,4.6,1.3,3.91,2.09,6.0,3.01,5.62,Y
35,40725,M,55,4.7,32,7.8,33.0,3.8,0.9,1.5,1.89,0.41,2.3,1.26,2.53,Y
205,34564,M,54,4.3,90,13.2,36.0,9.2,1.2,1.6,7.05,0.55,7.6,4.41,5.75,Y
247,34565,M,60,4.0,78,14.1,33.0,4.1,1.3,1.8,1.71,0.59,2.3,0.95,2.28,Y
169,45440,M,55,3.8,66,10.2,31.0,4.3,3.3,0.6,2.2,1.5,3.7,3.67,7.17,Y
497,34566,M,60,4.1,78,11.0,35.0,3.8,0.7,0.7,2.78,0.32,3.1,3.97,5.43,Y
313,34567,M,61,4.1,57,9.4,33.0,3.7,1.5,0.7,2.32,0.68,3.0,3.31,5.29,Y
605,34568,F,63,6.4,59,11.6,39.0,8.1,2.7,0.7,6.17,1.23,7.4,8.81,11.57,Y
611,34569,M,55,9.0,66,8.3,38.0,5.7,2.6,0.7,3.82,1.18,5.0,5.46,8.14,Y
211,48707,M,55,4.7,53,12.2,25.6,5.7,3.5,0.7,3.41,1.59,5.0,4.87,8.14,Y
693,34570,M,52,4.7,53,12.2,37.0,5.7,3.5,3.6,0.51,1.59,2.1,0.14,1.58,Y
277,48362,F,68,6.1,49,8.2,26.0,8.0,4.8,1.3,4.52,2.18,6.7,3.48,6.15,Y
461,48362,F,69,6.1,49,8.2,34.0,8.0,4.8,1.3,4.52,2.18,6.7,3.48,6.15,Y
322,1334,F,55,4.3,57,10.6,29.0,6.6,4.1,1.8,2.94,1.86,4.8,1.63,3.67,Y
145,34571,M,51,5.2,63,11.0,33.0,6.7,2.1,1.8,3.95,0.95,4.9,2.19,3.72,Y
208,34572,M,58,3.4,48,11.2,32.0,4.8,1.4,1.8,2.36,0.64,3.0,1.31,2.67,Y
760,34573,M,55,7.1,72,12.2,26.0,6.9,4.5,1.3,3.55,2.05,5.6,2.73,5.31,Y
325,34574,F,54,5.9,74,12.4,27.0,5.5,1.3,1.6,3.31,0.59,3.9,2.07,3.44,Y
543,34575,M,53,3.8,59,10.9,28.0,5.1,3.2,1.8,1.85,1.45,3.3,1.03,2.83,Y
41,34576,F,61,4.2,69,10.0,29.0,6.1,6.8,0.8,2.21,3.09,5.3,2.76,7.62,Y
436,48032,M,52,5.5,62,13.2,29.0,4.9,2.2,1.2,2.7,1.0,3.7,2.25,4.08,Y
519,34577,F,60,4.6,47,12.0,30.0,5.0,3.9,1.1,2.13,1.77,3.9,1.94,4.55,Y
418,48511,F,56,4.6,47,12.0,36.6,5.0,3.9,1.1,2.13,1.77,3.9,1.94,4.55,Y
491,34578,F,67,5.3,72,14.7,31.0,5.8,1.8,1.1,3.88,0.82,4.7,3.53,5.27,Y
415,48086,M,55,3.9,51,10.7,30.0,3.6,1.2,1.4,1.65,0.55,2.2,1.18,2.57,Y
515,34579,M,68,3.9,51,10.7,36.0,3.6,1.2,1.4,1.65,0.55,2.2,1.18,2.57,Y
781,34580,M,61,7.2,78,9.1,33.0,6.5,1.5,1.4,4.42,0.68,5.1,3.16,4.64,Y
1,34325,M,56,20.8,800,9.0,35.0,4.6,2.0,1.2,2.49,0.91,3.4,2.08,3.83,Y
2,44835,M,60,2.1,56,7.2,28.0,6.3,3.7,1.0,3.62,1.68,5.3,3.62,6.3,Y
3,41248,M,53,4.2,55,8.0,30.0,5.0,2.5,1.3,2.56,1.14,3.7,1.97,3.85,Y
4,18642,M,55,9.2,101,8.5,28.0,5.6,1.9,1.3,3.44,0.86,4.3,2.65,4.31,Y
5,51477,M,58,5.9,67,9.9,29.0,5.2,1.8,0.9,3.48,0.82,4.3,3.87,5.78,Y
6,45308,F,58,6.0,66,6.9,24.0,5.7,1.3,1.4,3.71,0.59,4.3,2.65,4.07,Y
8,79133,M,55,5.8,60,9.0,30.0,4.6,1.9,1.2,2.54,0.86,3.4,2.12,3.83,Y
11,749215,F,42,2.3,52,7.0,24.0,5.2,2.8,3.1,0.83,1.27,2.1,0.27,1.68,Y
13,466,M,55,3.0,30,9.1,29.0,6.6,2.9,1.1,4.18,1.32,5.5,3.8,6.0,Y
14,51567,M,55,10.3,198,9.7,32.0,4.2,3.8,1.6,0.87,1.73,2.6,0.54,2.62,Y
15,65455,F,53,4.3,44,8.8,38.0,5.8,1.7,1.1,3.93,0.77,4.7,3.57,5.27,Y
16,51573,F,73,3.1,50,8.9,22.0,3.4,1.5,1.2,1.52,0.68,2.2,1.27,2.83,Y
17,46545,M,57,3.0,60,7.9,27.0,4.8,2.4,1.8,1.91,1.09,3.0,1.06,2.67,Y
18,14191,M,51,5.5,83,9.4,30.0,3.8,0.9,1.5,1.89,0.41,2.3,1.26,2.53,Y
19,51623,M,60,20.8,800,9.0,33.0,2.3,1.1,0.9,0.9,0.5,1.4,1.0,2.56,Y
21,7523,F,44,3.6,59,9.1,23.0,5.4,2.4,1.1,3.21,1.09,4.3,2.92,4.91,Y
22,51625,M,51,3.5,72,7.0,27.0,5.4,1.5,1.0,3.72,0.68,4.4,3.72,5.4,Y
23,71255,F,30,3.1,54,7.3,21.0,5.9,1.8,1.6,3.48,0.82,4.3,2.17,3.69,Y
24,49220,F,45,2.2,38,9.6,30.0,4.1,1.8,1.0,2.28,0.82,3.1,2.28,4.1,Y
25,51646,F,60,5.4,47,6.9,28.0,3.6,0.8,1.8,1.44,0.36,1.8,0.8,2.0,Y
26,78151,M,54,3.8,62,8.8,30.0,5.4,2.2,1.1,3.3,1.0,4.3,3.0,4.91,Y
27,51677,F,55,5.8,41,9.7,28.0,5.0,4.5,1.1,1.85,2.05,3.9,1.68,4.55,Y
28,856,F,55,8.5,59,7.6,32.0,3.3,1.7,0.9,1.63,0.77,2.4,1.81,3.67,Y
29,5415,M,60,7.5,83,7.2,35.0,2.8,1.9,1.3,0.64,0.86,1.5,0.49,2.15,Y
30,6546,M,55,6.1,80,8.5,26.0,5.6,2.1,0.9,3.75,0.95,4.7,4.17,6.22,Y
31,8851,M,45,4.3,71,7.2,19.0,5.6,2.0,1.1,3.59,0.91,4.5,3.26,5.09,Y
32,878451,M,56,3.4,68,9.7,29.0,5.6,2.6,0.9,3.52,1.18,4.7,3.91,6.22,Y
33,35645,F,55,1.8,24,6.7,27.0,4.8,0.6,1.9,2.63,0.27,2.9,1.38,2.53,Y
34,458451,F,59,11.2,99,7.4,31.0,4.0,2.7,0.7,2.07,1.23,3.3,2.96,5.71,Y
35,451,F,59,4.8,51,7.0,28.0,3.6,0.8,1.8,1.44,0.36,1.8,0.8,2.0,Y
36,215,F,54,7.2,67,6.5,29.0,4.1,1.4,1.8,1.66,0.64,2.3,0.92,2.28,Y
37,12154,M,76,4.1,52,7.0,31.0,3.3,1.6,1.2,1.37,0.73,2.1,1.14,2.75,Y
38,2256,M,54,3.3,46,10.0,35.0,4.3,1.6,1.1,2.47,0.73,3.2,2.25,3.91,Y
39,2156,M,54,3.6,46,6.9,33.0,4.0,4.5,1.0,0.95,2.05,3.0,0.95,4.0,Y
40,21654,F,61,3.7,51,6.5,30.0,6.4,1.8,3.2,2.38,0.82,3.2,0.74,2.0,Y
43,216544,F,52,4.2,46,6.8,36.6,3.6,1.9,1.9,0.84,0.86,1.7,0.44,1.89,Y
44,8451,M,51,6.7,73,10.4,37.0,4.9,6.7,1.6,0.25,3.05,3.3,0.16,3.06,Y
45,6451,F,42,4.5,52,8.0,30.0,5.0,2.5,1.3,2.56,1.14,3.7,1.97,3.85,Y
46,9963,M,51,38.9,58,6.8,33.0,5.9,2.6,1.4,3.32,1.18,4.5,2.37,4.21,Y
48,45215,F,60,4.8,44,8.0,27.0,3.5,1.8,1.4,1.28,0.82,2.1,0.91,2.5,Y
49,1036556,M,54,2.8,43,6.9,30.0,6.7,2.4,1.1,4.51,1.09,5.6,4.1,6.09,Y
50,789451,M,73,6.1,83,12.0,33.0,5.0,3.3,1.3,2.2,1.5,3.7,1.69,3.85,Y
51,4515131,M,55,5.6,46,10.3,30.0,5.3,3.7,1.1,2.52,1.68,4.2,2.29,4.82,Y
52,4534,M,60,4.2,59,8.9,30.0,6.8,4.3,1.2,3.65,1.95,5.6,3.04,5.67,Y
53,5653,M,60,6.9,79,8.0,30.0,2.5,1.9,1.3,0.34,0.86,1.2,0.26,1.92,Y
54,67564,F,56,4.0,38,7.7,26.0,6.1,2.3,1.6,3.45,1.05,4.5,2.16,3.81,Y
55,2345,M,55,26.4,228,7.1,27.0,4.1,1.9,1.3,1.94,0.86,2.8,1.49,3.15,Y
56,43534,F,56,2.8,51,7.0,21.0,5.3,2.1,1.6,2.75,0.95,3.7,1.72,3.31,Y
57,6544,M,54,3.0,67,7.0,26.0,4.8,1.7,1.3,2.73,0.77,3.5,2.1,3.69,Y
58,6734,M,56,4.9,32,10.7,31.0,3.6,3.6,1.3,0.66,1.64,2.3,0.51,2.77,Y
59,745654,M,61,4.1,44,10.3,31.0,6.4,11.6,1.1,0.03,5.27,5.3,0.03,5.82,Y
61,65456,F,61,8.1,72,16.0,26.0,7.7,3.1,1.6,4.69,1.41,6.1,2.93,4.81,Y
62,34545,M,59,4.6,53,13.3,29.0,5.4,3.0,1.2,2.84,1.36,4.2,2.37,4.5,Y
63,45466,F,55,4.4,35,11.7,29.0,5.0,3.5,1.5,1.91,1.59,3.5,1.27,3.33,Y
64,3456,M,61,6.6,72,8.5,28.0,5.6,1.9,1.3,3.44,0.86,4.3,2.65,4.31,Y
65,65645,F,52,8.0,56,13.8,26.0,5.6,2.5,0.9,3.56,1.14,4.7,3.96,6.22,Y
66,356,M,54,4.5,38,10.7,31.0,5.0,4.4,1.4,1.6,2.0,3.6,1.14,3.57,Y
67,456456,M,60,5.7,55,10.6,33.0,3.0,2.7,0.6,1.17,1.23,2.4,1.95,5.0,Y
68,2335,F,55,4.5,42,9.4,30.0,3.8,0.9,1.5,1.89,0.41,2.3,1.26,2.53,Y
69,34677,F,54,3.8,59,9.1,33.0,6.5,2.6,1.4,3.92,1.18,5.1,2.8,4.64,Y
70,87876,M,55,2.0,51,6.5,22.0,5.2,2.3,1.2,2.95,1.05,4.0,2.46,4.33,Y
73,786745,F,56,3.0,48,7.2,33.0,6.5,3.4,0.9,4.05,1.55,5.6,4.5,7.22,Y
74,65632,F,55,3.7,41,10.8,35.0,5.4,2.2,1.2,3.2,1.0,4.2,2.67,4.5,Y
75,2435,F,76,2.4,41,11.3,29.0,5.3,1.7,1.0,3.53,0.77,4.3,3.53,5.3,Y
76,8978,M,60,5.4,64,10.4,31.0,3.8,1.5,0.8,2.32,0.68,3.0,2.9,4.75,Y
77,4564,M,56,5.0,61,9.2,30.0,4.6,1.0,1.5,2.65,0.45,3.1,1.77,3.07,Y
78,5727,M,55,5.1,70,11.0,31.0,5.2,1.9,1.3,3.04,0.86,3.9,2.34,4.0,Y
80,3858,F,31,4.8,52,6.5,33.0,5.5,2.1,1.0,3.55,0.95,4.5,3.55,5.5,Y
82,71741,F,35,4.3,49,8.5,21.0,7.2,3.6,0.8,4.76,1.64,6.4,5.95,9.0,Y
84,7147,F,60,8.5,92,6.8,30.0,2.1,2.3,0.9,0.15,1.05,1.2,0.17,2.33,Y
85,41741,F,44,4.6,54,9.4,23.0,6.8,2.9,1.1,4.38,1.32,5.7,3.98,6.18,Y
86,71741,F,51,10.5,111,8.1,34.0,3.8,3.2,0.8,1.55,1.45,3.0,1.94,4.75,Y
87,8785782,F,36,7.5,82,7.9,24.0,5.5,2.5,0.7,3.66,1.14,4.8,5.23,7.86,Y
90,7175,F,36,2.8,39,8.6,24.0,6.2,3.3,1.5,3.2,1.5,4.7,2.13,4.13,Y
91,5525,F,56,4.5,57,11.8,30.0,3.9,3.1,0.9,1.59,1.41,3.0,1.77,4.33,Y
92,247255,M,51,4.4,57,11.3,37.0,9.8,1.9,1.1,7.84,0.86,8.7,7.13,8.91,Y
93,415787,F,55,4.3,56,7.0,30.0,3.8,2.6,1.0,1.62,1.18,2.8,1.62,3.8,Y
94,85282,M,55,4.7,55,6.8,28.0,3.4,1.7,1.2,1.43,0.77,2.2,1.19,2.83,Y
95,858725,M,55,3.9,46,6.5,26.0,6.9,3.5,2.0,3.31,1.59,4.9,1.66,3.45,Y
97,785,M,58,4.0,55,7.8,28.0,4.0,3.9,1.5,0.73,1.77,2.5,0.49,2.67,Y
100,58587,M,55,5.4,62,6.8,34.0,4.2,3.7,1.0,1.52,1.68,3.2,1.52,4.2,Y
101,75275,M,55,4.8,77,11.1,30.0,5.7,4.0,0.9,2.98,1.82,4.8,3.31,6.33,Y
103,45645,M,62,6.3,82,6.5,31.0,4.3,3.4,0.8,1.95,1.55,3.5,2.44,5.37,Y
104,345456,M,57,4.1,70,9.2,32.0,5.4,1.2,1.0,3.85,0.55,4.4,3.85,5.4,Y
105,46546,F,55,4.1,34,13.9,33.0,5.4,1.6,1.6,3.07,0.73,3.8,1.92,3.38,Y
106,5645,F,55,3.1,39,8.5,32.0,5.9,2.1,1.2,3.75,0.95,4.7,3.12,4.92,Y
107,5464,F,55,5.7,88,7.2,33.0,6.5,3.4,0.9,4.05,1.55,5.6,4.5,7.22,Y
108,24345,M,51,2.5,55,13.0,35.0,6.3,7.2,1.2,1.83,3.27,5.1,1.52,5.25,Y
109,233243,M,60,5.4,84,8.0,30.0,2.5,1.9,1.3,0.34,0.86,1.2,0.26,1.92,Y
110,56345,M,58,8.2,81,10.4,35.0,6.0,3.0,1.1,3.54,1.36,4.9,3.22,5.45,Y
111,45646,F,63,4.7,55,12.6,35.0,7.9,5.0,1.3,4.33,2.27,6.6,3.33,6.08,Y
112,54656,M,55,6.9,80,9.8,29.0,7.3,1.2,1.5,5.25,0.55,5.8,3.5,4.87,Y
113,45646,F,55,2.1,23,9.96,29.0,4.1,4.2,1.2,0.99,1.91,2.9,0.82,3.42,Y
114,45643,M,60,5.3,62,10.2,31.0,4.1,3.8,1.1,1.27,1.73,3.0,1.15,3.73,Y
115,67547,F,61,3.4,38,9.2,26.0,3.9,2.8,1.2,1.43,1.27,2.7,1.19,3.25,Y
116,7565435,M,63,3.4,52,8.8,38.0,5.8,1.7,1.1,3.93,0.77,4.7,3.57,5.27,Y
117,865754,F,61,3.8,32,10.3,32.0,3.4,0.8,1.4,1.64,0.36,2.0,1.17,2.43,Y
118,77657,F,51,4.1,41,9.1,33.0,3.9,1.2,0.8,2.55,0.55,3.1,3.19,4.88,Y
119,56567,F,53,10.3,132,12.4,32.0,7.1,2.6,1.3,4.62,1.18,5.8,3.55,5.46,Y
120,565474,M,51,4.4,67,6.8,32.0,6.7,3.7,0.9,4.12,1.68,5.8,4.58,7.44,Y
121,65756,F,62,4.8,52,11.8,33.0,3.7,0.8,0.8,2.54,0.36,2.9,3.18,4.62,Y
122,345,M,60,3.3,59,7.6,30.0,3.5,1.0,1.3,1.75,0.45,2.2,1.35,2.69,Y
123,5676,F,60,3.4,27,14.7,35.0,3.5,1.9,1.3,1.34,0.86,2.2,1.03,2.69,Y
124,75634,M,61,4.3,70,9.1,29.0,6.6,2.9,1.1,4.18,1.32,5.5,3.8,6.0,Y
125,543453,M,51,3.2,61,13.7,32.0,3.5,1.0,0.9,2.15,0.45,2.6,2.39,3.89,Y
127,45447,F,55,6.6,168,7.0,33.0,4.0,2.3,1.0,1.95,1.05,3.0,1.95,4.0,Y
128,45385,M,50,5.0,106,6.9,21.0,7.3,4.0,1.1,4.38,1.82,6.2,3.98,6.64,Y
129,45416,M,26,7.5,79,8.8,28.0,3.5,2.0,2.0,0.59,0.91,1.5,0.3,1.75,Y
130,45386,F,50,4.3,61,7.8,23.0,6.2,2.3,1.2,3.95,1.05,5.0,3.29,5.17,Y
131,45387,F,50,2.5,79,8.1,22.0,7.4,3.3,0.8,5.1,1.5,6.6,6.37,9.25,Y
132,45373,M,35,6.3,53,6.5,33.0,5.5,2.1,1.0,3.55,0.95,4.5,3.55,5.5,Y
136,45427,F,34,4.5,61,8.1,34.0,3.1,1.6,0.9,1.47,0.73,2.2,1.63,3.44,Y
140,45413,F,28,3.5,61,8.5,26.0,5.6,2.1,0.9,3.75,0.95,4.7,4.17,6.22,Y
142,45375,F,35,9.1,114,7.2,20.0,5.6,1.4,1.4,3.56,0.64,4.2,2.54,4.0,Y
148,45380,F,40,5.1,79,7.3,20.0,5.7,3.8,1.3,2.67,1.73,4.4,2.05,4.38,Y
151,45448,M,60,10.0,194,7.1,26.0,4.6,1.6,0.8,3.07,0.73,3.8,3.84,5.75,Y
155,45376,F,35,5.0,79,7.3,27.0,6.2,2.0,1.4,3.89,0.91,4.8,2.78,4.43,Y
156,45451,F,65,5.0,97,7.0,26.0,3.4,1.6,0.7,1.97,0.73,2.7,2.81,4.86,Y
158,45398,M,54,6.3,106,8.6,23.0,5.5,2.9,1.1,3.08,1.32,4.4,2.8,5.0,Y
159,45446,M,54,5.0,88,6.8,32.0,6.7,3.7,0.9,4.12,1.68,5.8,4.58,7.44,Y
160,45393,M,50,3.3,70,6.8,22.0,5.5,1.5,2.2,2.62,0.68,3.3,1.19,2.5,Y
162,45370,M,30,4.6,106,8.1,23.0,6.8,3.2,0.7,4.65,1.45,6.1,6.64,9.71,Y
163,45450,M,64,8.8,106,8.2,30.0,3.8,3.0,0.9,1.54,1.36,2.9,1.71,4.22,Y
164,45394,M,50,9.0,150,6.7,21.0,5.4,5.3,0.7,2.29,2.41,4.7,3.27,7.71,Y
167,45449,F,60,5.0,70,8.1,29.0,8.6,3.5,1.8,5.21,1.59,6.8,2.89,4.78,Y
168,45371,M,30,5.0,53,7.7,24.0,5.5,2.1,1.0,3.55,0.95,4.5,3.55,5.5,Y
169,45452,M,75,10.3,113,8.5,30.0,4.5,2.4,1.1,2.31,1.09,3.4,2.1,4.09,Y
170,45395,M,50,4.8,70,8.0,20.0,5.2,2.7,1.4,2.57,1.23,3.8,1.84,3.71,Y
172,45372,M,30,13.2,185,8.1,21.0,5.0,1.1,1.8,2.7,0.5,3.2,1.5,2.78,Y
173,45441,M,48,4.1,79,11.3,34.0,6.1,5.7,1.1,2.41,2.59,5.0,2.19,5.55,Y
174,45411,F,70,11.0,53,8.2,22.0,7.4,3.3,0.8,5.1,1.5,6.6,6.37,9.25,Y
175,45414,M,69,10.3,185,7.6,33.0,4.6,3.2,0.6,2.55,1.45,4.0,4.25,7.67,Y
176,45445,M,52,5.1,70,7.0,30.0,7.5,1.7,1.2,5.53,0.77,6.3,4.61,6.25,Y
177,45364,F,20,4.6,70,9.6,30.0,4.1,1.8,1.0,2.28,0.82,3.1,2.28,4.1,Y
179,834578,M,51,5.5,83,9.4,33.0,6.4,2.3,2.3,3.05,1.05,4.1,1.33,2.78,Y
183,454316,M,65,5.0,97,7.0,27.0,4.3,4.3,1.4,0.95,1.95,2.9,0.68,3.07,Y
184,454316,F,54,5.0,88,6.8,30.0,5.1,2.1,1.1,3.05,0.95,4.0,2.77,4.64,Y
185,454316,M,64,8.8,106,8.5,32.0,5.9,2.1,1.2,3.75,0.95,4.7,3.12,4.92,Y
187,454316,F,60,5.0,70,8.1,27.0,5.2,3.3,1.4,2.3,1.5,3.8,1.64,3.71,Y
188,454316,F,75,10.3,113,8.6,32.0,4.2,1.6,0.9,2.57,0.73,3.3,2.86,4.67,Y
189,454316,M,58,4.0,55,7.9,35.0,4.9,2.0,1.2,2.79,0.91,3.7,2.33,4.08,Y
191,454316,M,55,5.4,62,6.8,30.1,5.3,2.0,1.0,3.39,0.91,4.3,3.39,5.3,Y
192,454316,M,55,4.8,88,11.1,30.0,5.7,4.0,0.9,2.98,1.82,4.8,3.31,6.33,Y
193,454316,M,62,6.3,82,6.7,30.1,5.3,2.0,1.0,3.39,0.91,4.3,3.39,5.3,Y
194,454316,F,57,4.1,70,9.3,29.0,5.3,3.3,1.0,2.8,1.5,4.3,2.8,5.3,Y
195,4543,f,55,4.1,34,13.9,33.0,5.4,1.6,1.6,3.07,0.73,3.8,1.92,3.38,Y
196,454316,M,55,3.1,39,8.5,27.0,5.0,2.5,1.9,1.96,1.14,3.1,1.03,2.63,Y
198,454316,M,28,3.5,61,8.5,37.0,4.5,1.9,1.1,2.54,0.86,3.4,2.31,4.09,Y
199,454316,M,69,10.3,185,7.7,37.0,4.9,1.9,1.2,2.84,0.86,3.7,2.37,4.08,Y
200,454317,M,71,11.0,97,7.0,30.0,7.5,1.7,1.2,5.53,0.77,6.3,4.61,6.25,Y
671,876534,M,31,3.0,60,12.3,37.2,4.1,2.2,0.7,2.4,1.0,3.4,3.43,5.86,Y
669,87654,M,30,7.1,81,6.7,27.4,4.1,1.1,1.2,2.4,0.5,2.9,2.0,3.42,Y
99,24004,M,38,5.8,59,6.7,40.5,5.3,2.0,1.6,2.79,0.91,3.7,1.74,3.31,Y
248,24054,M,54,5.0,67,6.9,33.0,3.8,1.7,1.1,1.93,0.77,2.7,1.75,3.45,Y
