MedID,LabReference,First Name,Last Name,Age,Zender,Diet,Registration Weight
560252,PBCHD03RJU,Z********,V*************,33,Male,NonVegetarian,78.93
348202,GYAHD11KLM,M*******,J****,54,Female,NonVegetarian,102.01
178677,MZLGI04MHP,V******,N*,38,Male,NonVegetarian,82.17
118231,PBCHD11GAM,M***,F*******,45,Female,NonVegetarian,78.32
869170,KLTRS04NLZ,V********,A********,35,Female,NonVegetarian,105.19
200291,MZLGI14GJS,M*****,K***********,48,Female,NonVegetarian,81.43
525348,KLTRS10MLT,T*******,K******,44,Male,NonVegetarian,82.44
114307,PBCHD10PBM,V********,N****,35,Male,NonVegetarian,73.24
577148,GYAHD04JHJ,G*******,S********************,41,Female,Vegetarian,88.35
750381,MZLGI06GJS,M*******,P*****,47,Female,Vegetarian,75.52
663177,KLTRS11WBD,A****,J***********,35,Female,NonVegetarian,97.5
965906,MZLGI12MHP,J*******,E****************,51,Female,NonVegetarian,70.76
316178,PBCHD08HPP,S*******,M********,39,Male,NonVegetarian,73.01
698944,PBCHD02SKM,J*****,H******,37,Male,NonVegetarian,80.43
130589,KLTRS02ODB,A*********,T********,34,Male,NonVegetarian,104.61
811384,KLTRS04ODB,B*******,M********,37,Male,Vegetarian,90.5
578164,PBCHD06PBM,D*****,R*******,47,Male,NonVegetarian,88.52
167119,MZLGI03APK,S******,i*********,43,Male,Vegetarian,74.25
201194,PBCHD01SKM,E****,H*****,51,Female,NonVegetarian,84.64
217661,KLTRS10MLT,T******,H****,41,Male,NonVegetarian,80.41
997187,MZLGI13GJS,C******,R**********,40,Female,NonVegetarian,101.46
552423,MZLGI01APK,V****,V***************,45,Female,NonVegetarian,73.24
775154,MZLGI03APK,V*******,A*******,45,Male,NonVegetarian,86.73
354654,KLTRS15NLZ,K********,H**,50,Male,NonVegetarian,95.69
338118,KLTRS03TSS,B******,P*************,41,Male,NonVegetarian,96.67
115246,GYAHD15KAU,R*****,K*****,48,Female,NonVegetarian,95.1
255580,GYAHD09KLM,R******,C***,37,Female,NonVegetarian,91.24
787227,PBCHD01GAM,D***,T****************,39,Male,NonVegetarian,81.67
718025,KLTRS15TSS,P*******,N*****,47,Female,NonVegetarian,79.39
676076,MZLGI02GJS,K*****,S*****,34,Male,NonVegetarian,80.77
681640,PBCHD02MHS,N*****,S******,48,Male,NonVegetarian,73.21
816456,GYAHD13JHJ,Y********,R******,40,PNTD,Vegetarian,65.76
216805,PBCHD07CGD,R*********,D*******,34,Female,NonVegetarian,91.65
914445,GYAHD11KAU,S*******,R*****,45,Female,NonVegetarian,67.53
318787,MZLGI14RJK,A*****,J**,27,Male,NonVegetarian,66.11
338565,KLTRS14TSS,E******,d*,43,Female,NonVegetarian,76.14
836233,MZLGI08GJS,L*****,P**************,37,PNTD,NonVegetarian,68.17
624821,PBCHD02MHS,S******,A******,30,Male,NonVegetarian,87.92
412576,MZLGI15BRC,A*******,K******,40,Female,Vegetarian,102.05
256905,GYAHD06JHJ,G******,A******,58,Female,Vegan,100.81
843182,MZLGI11MHP,S******,B**,44,Male,NonVegetarian,91.02
273490,MZLGI10APK,P******,L*****,32,Female,NonVegetarian,90.79
704940,KLTRS04KLP,A*****,U*********,28,Male,Vegetarian,104.77
489980,GYAHD01KAU,C*****,L******,38,Male,Vegetarian,74.72
182760,GYAHD10ODK,G*******,A*****,38,TrFe,NonVegetarian,78.78
550941,PBCHD05NLM,S***,G*******,47,Female,NonVegetarian,97.21
100311,GYAHD13JHJ,R****,A********,51,Female,NonVegetarian,78.81
592368,PBCHD04NLM,V******************,S*,52,Female,NonVegetarian,85.02
373801,GYAHD11ODK,S********,M*******,25,Female,NonVegetarian,76.67
307112,GYAHD15ODK,P******,M*********,43,Male,NonVegetarian,88.24
383283,PBCHD03RJU,R********,k************,39,Female,NonVegetarian,63.13
411457,PBCHD08PBM,G****,K*****************,39,Female,NonVegetarian,66.51
694502,GYAHD01JHJ,R****,P**************,40,Male,NonVegetarian,82.38
892081,MZLGI12GJS,S****,M*******,43,Male,NonVegetarian,83.23
963323,MZLGI01RJK,N*******,N********,37,Male,NonVegetarian,87.3
413974,GYAHD15ODK,T***,L***,47,Male,Vegetarian,74.9
145866,GYAHD08KAU,S*****,p*************,42,Female,NonVegetarian,66.44
494719,MZLGI13APK,N******,N****,32,Male,Vegetarian,98.44
306867,MZLGI03APK,M*****,B*************,39,Female,Vegetarian,71.72
753838,PBCHD14KLC,J**,R***,40,Female,NonVegetarian,103.66
135962,MZLGI01APK,P*******,V**************,34,Male,NonVegetarian,97.41
880235,KLTRS15MLT,S********,D***,29,Female,NonVegetarian,85.81
212578,KLTRS03NLZ,S*********,B*******,29,Male,Vegetarian,96.52
369004,KLTRS02ODB,B****,E*****,42,Female,Vegetarian,104.41
733294,GYAHD10ODK,K********,v*********,37,Male,NonVegetarian,72.41
877155,GYAHD01KLM,S*****,B*********,43,Male,NonVegetarian,74.82
629104,PBCHD10RJU,C***********,C*****,45,Male,NonVegetarian,95.98
996245,PBCHD14CGD,M*******,P***********,25,Male,NonVegetarian,62.03
241880,PBCHD13RJU,A*******,T********,35,Male,Vegetarian,102.63
363521,GYAHD01ODK,R***,D**********,34,PNTD,Vegetarian,73.9
974785,MZLGI13MHP,V*****,N********,35,Female,Vegetarian,91.93
197321,MZLGI15APK,D*************,S*******************,47,Female,NonVegetarian,93.64
702720,MZLGI03MHP,S********,G*****,56,Female,NonVegetarian,80.14
338604,PBCHD14GAM,S*******,V*******,44,Female,NonVegetarian,72.38
685525,PBCHD04HPP,K*****,S**************,29,Female,NonVegetarian,82.95
433592,KLTRS11WBD,P*****,K*****,44,Male,NonVegetarian,83.85
399651,GYAHD15JHJ,s******,m**********,38,Male,NonVegetarian,81.48
689966,PBCHD03CGD,D*****,K*,55,Female,NonVegetarian,76.34
653774,MZLGI09RJK,A******,S*********,41,Female,NonVegetarian,82.16
322857,PBCHD08SKM,S************,R*************,48,Female,NonVegetarian,84.82
308510,KLTRS11MLT,B*****,M********,32,Male,NonVegetarian,80.73
177419,GYAHD11KLM,N**,P*****,39,Male,NonVegetarian,94.17
564791,KLTRS15KLP,S******,B****,57,Female,NonVegetarian,80.81
645814,PBCHD15SKM,L****,W******,35,Male,Vegetarian,98.07
543271,GYAHD13JHJ,P*******,M********,52,Female,NonVegetarian,77.63
336738,KLTRS14ODB,V**********,S**********,38,Female,Vegetarian,61.16
961299,GYAHD04JHJ,R*****,T*******,56,Male,NonVegetarian,70.97
966545,MZLGI02APK,D*****,P******************,41,Male,NonVegetarian,95.69
103747,PBCHD11HPP,P*********,K****,32,Female,NonVegetarian,83.04
386544,MZLGI07BRC,V*******,R*****,27,TrFe,NonVegetarian,87.89
974441,MZLGI10GJS,S********,A*****,45,Female,NonVegetarian,102.38
372561,MZLGI13MHP,P*********,B***************,43,Female,NonVegetarian,83.36
240667,MZLGI14BRC,M******,S**,35,Male,Vegetarian,95.1
245629,PBCHD09MHS,S*******,S*****,38,Female,NonVegetarian,83.88
539854,KLTRS06TSS,B***,W*****,30,Female,NonVegetarian,82.63
245948,PBCHD03KLC,S*****,S***********,49,Male,NonVegetarian,63.89
394152,GYAHD02ODK,M*********,T**********,31,Male,NonVegetarian,98.51
555353,GYAHD04KLM,S*****,H******,52,TrFe,Vegetarian,78.11
322927,GYAHD04KAU,N***,r***,41,Male,Vegetarian,71.84
629649,GYAHD11ODK,V******,K*******,39,Male,Vegetarian,82.51
598504,GYAHD01KLM,R******,B**********,29,Male,NonVegetarian,91.6
925420,GYAHD08ODK,s***,t****,53,Female,NonVegetarian,66.44
207854,KLTRS15WBD,S******,P*****,47,Male,Vegetarian,71.79
343547,MZLGI10APK,K*****,K************,41,Female,NonVegetarian,92.85
825120,PBCHD10RJU,X***,P*****,40,Male,NonVegetarian,85.29
154220,KLTRS04KLP,R****,T*********,37,Male,Vegetarian,100.08
546348,GYAHD13KLM,N******,R****,32,Female,NonVegetarian,72.3
981058,GYAHD01JHJ,D***********,R***,46,Male,Vegetarian,104.03
828855,MZLGI11GJS,S******,K*********,45,Female,NonVegetarian,66.04
930327,MZLGI14BRC,L****,R*****,47,Male,Vegetarian,97.27
126796,MZLGI08GJS,T****,P**********,53,Male,NonVegetarian,81.24
889258,GYAHD06KLM,Z***,F*****,39,Female,NonVegetarian,74.6
246371,KLTRS09TSS,B*****,B*****,45,Female,NonVegetarian,69.19
690003,KLTRS12TSS,A*******,B******,42,Male,Vegetarian,70.73
232311,PBCHD05KLC,S*******,V********,48,Female,Vegetarian,88.01
823130,KLTRS01ODB,S********,T*******,33,Male,NonVegetarian,78.85
734576,KLTRS11WBD,K*****,K**************,40,Male,NonVegetarian,101.17
124404,MZLGI07APK,D*****,U*********,43,Female,Vegetarian,81.6
857176,MZLGI09GJS,S*,A*****************,41,Female,NonVegetarian,102.27
265407,GYAHD11JHJ,C*************,B*********,43,Female,Vegetarian,69.01
864780,GYAHD15ODK,P********,P*****,34,Male,NonVegetarian,87.98
318674,GYAHD03JHJ,k*****,V***********,38,Male,NonVegetarian,72.29
729204,KLTRS10KLP,U*************,S******,42,Male,NonVegetarian,103.96
371039,GYAHD04JHJ,S********,E******,33,Female,Vegan,85.79
510361,PBCHD13RJU,N****,S************,32,Male,Vegetarian,76.36
286210,MZLGI04MHP,S*****,S*********,43,Male,NonVegetarian,82.43
881283,GYAHD13KLM,R******,S**********,27,Male,NonVegetarian,76.35
448421,GYAHD06ODK,G****,H********,32,Female,NonVegetarian,92.02
197593,PBCHD13PBP,D******,H********,41,Female,Vegetarian,83.35
332486,GYAHD02ODK,J*****,M********,33,Male,Vegetarian,76.3
764833,GYAHD06KLM,B****,J********,38,Male,NonVegetarian,81.96
288118,GYAHD02KLM,M*****,B*******,30,Female,NonVegetarian,105.17
759321,GYAHD13KLM,M*****,H****************,29,Female,NonVegetarian,90.49
153644,PBCHD14NLM,C*******,S****************,46,Male,Vegetarian,101.58
236131,MZLGI03RJK,P*****,M********,49,Female,NonVegetarian,75.58
857886,KLTRS06NLZ,C****,R*******,32,Male,NonVegetarian,94.2
306831,KLTRS12WBD,S******,L*******,34,Male,NonVegetarian,84.74
809058,MZLGI08GJS,B******,T***************************,33,Male,NonVegetarian,90.99
520093,KLTRS11ODB,s**********,v******,45,Female,NonVegetarian,75.38
995675,MZLGI02APK,G********,A**********,44,Female,Vegetarian,99.27
837539,KLTRS13WBD,p*****,k****,37,Male,Vegetarian,85.89
833857,GYAHD06KAU,K********,S*****,53,Female,NonVegetarian,97.88
665695,MZLGI09MHP,N*****,C*********,45,Male,NonVegetarian,72.58
451134,KLTRS07WBD,Y********,R******,38,Male,NonVegetarian,72.81
521501,PBCHD14NLM,P*****,K******************,32,Male,NonVegetarian,88.37
439195,GYAHD03KLM,V*************,M*,40,Female,NonVegetarian,67.61
846920,GYAHD04KAU,R******,J***********,38,Female,Vegetarian,80.4
717139,PBCHD13HPP,Z****,K******,39,Male,Vegetarian,71.06
491809,KLTRS07ODB,K*****,M******,42,Female,NonVegetarian,100.79
481822,KLTRS07MLT,K*******,B************,46,Male,NonVegetarian,88.07
884220,MZLGI02GJS,D***,P***********,46,Female,NonVegetarian,73.49
301823,GYAHD15JHJ,S*****,K**************,40,Male,NonVegetarian,81.39
972624,MZLGI05MHP,N*******,S*****,41,Female,NonVegetarian,80.26
355179,MZLGI07MHP,S***************,P*******,33,Female,NonVegetarian,95.95
563047,GYAHD05KLM,N******,S******,45,Female,NonVegetarian,80.93
424706,PBCHD01KLC,A*****,M********,33,Male,NonVegetarian,77.42
231622,PBCHD10NLM,K*****,P******,45,Female,Vegetarian,87.34
448356,GYAHD13KLM,S*******,V*********,50,Male,NonVegetarian,93.14
854196,KLTRS08MLT,R****,S******************,35,Female,NonVegetarian,63.56
802564,GYAHD10KAU,T*****,J***************,46,Female,NonVegetarian,83.35
494174,GYAHD06KLM,R******,J****,45,Female,Vegetarian,73.6
475870,PBCHD14RJU,S******,M*,41,Male,NonVegetarian,93.99
778892,MZLGI01APK,M**********,R***************,39,Male,NonVegetarian,101.81
382871,GYAHD07KLM,P*********,K****,38,Male,NonVegetarian,85.34
607285,MZLGI02GJS,M********,F************,25,PNTD,Vegetarian,81.74
363385,PBCHD05GAM,P*,C**************,41,Male,NonVegetarian,88.5
160911,KLTRS09WBD,D*********,J***,38,Female,Vegetarian,82.96
749140,KLTRS07NLZ,R****,U************,41,Male,NonVegetarian,75.58
993038,MZLGI03BRC,N*******,Y******,37,Female,NonVegetarian,100.21
907240,MZLGI06APK,T*****,G*********,42,Male,NonVegetarian,87.55
926092,MZLGI11RJK,D****,S*************,43,Female,NonVegetarian,83.35
953137,GYAHD08KAU,P*******,S***************,46,Male,NonVegetarian,88.29
610362,GYAHD11KAU,N********,R***,42,Female,Vegetarian,79.29
595894,GYAHD01KLM,R****,P****,53,Male,Vegetarian,85.04
525439,GYAHD02KLM,P*****,A********,43,Female,NonVegetarian,62
281607,GYAHD10JHJ,D***,J**********,48,Male,NonVegetarian,104.96
997382,PBCHD07KLC,S******,R*********,46,Male,NonVegetarian,93.55
353969,KLTRS14MLT,P*******,N*,31,Male,Vegetarian,84.51
848355,MZLGI08APK,E*****,C****************,37,Female,NonVegetarian,85.87
711666,GYAHD11KAU,R***********,s****************,43,PNTD,Vegetarian,81.37
787843,PBCHD05PBM,R************,c*************,52,Male,NonVegetarian,89
588811,GYAHD13ODK,A******,N******,36,Female,NonVegetarian,67.54
347540,GYAHD12JHJ,S******,A*********,41,Female,NonVegetarian,81.67
853310,MZLGI11MHP,L******,L*****,33,Female,Vegetarian,83.03
351378,KLTRS15WBD,S*****,L********,35,Female,Vegetarian,85.36
101660,MZLGI14GJS,S********,K**********,52,Male,NonVegetarian,87.67
431700,KLTRS05KLP,A********,G*****,47,Male,Vegetarian,75.53
965266,KLTRS08TSS,y******,k*******,36,Male,NonVegetarian,65.22
273576,GYAHD05ODK,N********,M**********,39,Male,NonVegetarian,88.75
966121,MZLGI01BRC,D*****,D*****,48,Male,Vegetarian,71.65
574878,KLTRS05KLP,B******,R*********,35,Female,NonVegetarian,81.21
641423,KLTRS03NLZ,B****,P****************,28,Female,NonVegetarian,81.41
775235,MZLGI03APK,P*******,P******,47,Female,Vegetarian,86.84
930315,KLTRS09KLP,G*********,A*******,48,Female,NonVegetarian,83.97
855950,GYAHD08KAU,B*******,N*******,41,Male,NonVegetarian,62.98
175339,MZLGI10BRC,R******,A*********,33,Male,NonVegetarian,88.09
270902,PBCHD11GAM,M*********,N*******,37,Male,NonVegetarian,81.22
516598,GYAHD03KLM,S******,A**********,41,Male,NonVegetarian,83.12
232141,GYAHD14KAU,K*,M***********,37,Male,NonVegetarian,73.79
977945,GYAHD09KLM,P*******,M*********,36,Female,NonVegetarian,70.75
713299,GYAHD09JHJ,V*******,R******************,50,Male,Vegetarian,101.03
661839,GYAHD15ODK,M************,S***,44,TrFe,Vegetarian,83.49
959785,MZLGI04APK,V****,P*******,42,Female,Vegan,90.23
155635,PBCHD02HPP,G******,d*********,47,Male,NonVegetarian,72.24
534206,PBCHD09CGD,S*******,J*******,30,Female,NonVegetarian,104.68
325269,MZLGI05MHP,K*******,L**,40,Male,Vegetarian,82.57
292730,PBCHD03GAM,V*******,S***********************,45,Male,NonVegetarian,92.21
399332,PBCHD14PBP,S*****,Y**********,40,Female,Vegetarian,85.79
595935,PBCHD12PBP,P******,I*******,35,Male,NonVegetarian,78.96
138690,GYAHD13KLM,S*********,A*****,27,Male,Vegan,98.6
610520,MZLGI06RJK,S********,N********,25,Male,NonVegetarian,103.4
951820,KLTRS05TSS,J*****,B********,56,Female,NonVegetarian,73.06
733977,PBCHD11PBM,A****,S*****,38,Male,NonVegetarian,73.03
902567,PBCHD09PBM,M*********,K**********,36,Female,NonVegetarian,102.75
403870,GYAHD08JHJ,Y*******,F*************,29,Female,NonVegetarian,92.33
825858,KLTRS08KLP,S*******,M*******,26,Male,Vegetarian,95.39
556981,GYAHD10KAU,S********,N******,43,Male,Vegetarian,104.96
425210,GYAHD02ODK,E*****,R**************,47,Male,Vegetarian,105.24
481946,GYAHD06KAU,D*****,S***********,45,Male,Vegetarian,73.81
619834,KLTRS05ODB,S*********,D*,48,Male,NonVegetarian,96.19
144260,KLTRS07TSS,J*****,K*******,43,Male,NonVegetarian,74.39
167585,PBCHD05PBM,C*************,A*****,40,Female,Vegetarian,105.47
743968,GYAHD10JHJ,G********,P*******,32,Male,NonVegetarian,100.58
604992,KLTRS13KLP,C******,B*******,26,Female,NonVegetarian,87.45
846401,MZLGI09RJK,L******,B*********,41,Female,NonVegetarian,64.33
571099,GYAHD08KLM,S********,D***,36,Female,NonVegetarian,87.57
964735,PBCHD11CGD,K*******,G******,45,Female,NonVegetarian,74.63
878014,PBCHD01KLC,C*******,P*********,40,Male,Vegetarian,82.65
256950,KLTRS15NLZ,S*********,K********,41,Male,NonVegetarian,77.8
563116,GYAHD15JHJ,V*******,K**************,44,Female,NonVegetarian,95.2
317893,PBCHD08HPP,A*****,K******,33,Female,NonVegetarian,85.08
240290,GYAHD09JHJ,D*******,­*****,38,Male,Vegetarian,71.2
653702,GYAHD14ODK,J*********,B*****************,39,Female,NonVegetarian,87.98
700122,PBCHD12KLC,V**************,V******,46,PNTD,Vegetarian,100.68
921941,KLTRS15TSS,N******,C***********,38,TrFe,Vegetarian,74.62
420888,KLTRS14MLT,Y******,P******,39,Male,Vegetarian,90.67
373691,PBCHD06PBP,R*****,I******,34,Male,Vegetarian,81.68
345532,KLTRS11KLP,A********,S******,34,Female,NonVegetarian,79.9
824692,GYAHD11ODK,D*****,G*********,34,Male,NonVegetarian,73.62
644044,PBCHD07PBM,G*********,k****,32,Female,NonVegetarian,70.2
630659,GYAHD02KAU,V*******,A**,46,Male,NonVegetarian,87.48
604405,MZLGI04BRC,P*******,P*******,29,NS,Vegetarian,102.46
953654,KLTRS10NLZ,N*********,A*******,46,Male,NonVegetarian,87.59
800396,MZLGI11RJK,S*****,G**************,39,Female,Vegetarian,91.69
200869,GYAHD12ODK,M*,R************,47,Male,NonVegetarian,94.42
314766,MZLGI06BRC,a*****,b******,34,Female,NonVegetarian,61.07
555466,MZLGI05GJS,B********,R****,42,Female,NonVegetarian,60.49
467648,GYAHD05KLM,R******,T******,36,Male,Vegetarian,86.11
265778,KLTRS04TSS,S*******,R*,31,Female,NonVegetarian,70.55
349835,GYAHD02JHJ,C*************,P*********,40,Male,NonVegetarian,77.96
412998,MZLGI11APK,S******,D********,35,Male,NonVegetarian,89.33
806590,MZLGI10RJK,M*****,K******,36,Female,NonVegetarian,86.14
961104,GYAHD13KAU,k*******,n****,41,Male,NonVegetarian,103.68
919452,KLTRS08KLP,T*****,G*****,38,Male,NonVegetarian,62.1
838977,PBCHD02CGD,S********,T*******,37,Male,NonVegetarian,72.12
228310,PBCHD02PBP,M***,K***,42,Male,Vegetarian,80.86
407248,KLTRS02MLT,R**,S****************,49,Male,Vegetarian,66.65
182969,MZLGI14MHP,R****,S**************,41,TrFe,Vegetarian,68.92
986429,GYAHD01KAU,A******,Y*****,51,Male,Vegetarian,66.68
567292,PBCHD14CGD,P********,K*****,35,Male,Vegetarian,93.41
227829,KLTRS01ODB,A****,S*****,31,Female,Vegetarian,83.06
577169,GYAHD03ODK,S*******,A****,49,Female,Vegetarian,100.37
862569,GYAHD04ODK,S*****,K*******,36,Female,NonVegetarian,83.67
980433,MZLGI08APK,A******,R******,38,Male,Vegetarian,71.73
596373,GYAHD09KLM,S*****,r******,39,Male,Vegetarian,77.57
805706,KLTRS06NLZ,A****,S************,32,Female,NonVegetarian,74.56
704383,KLTRS06NLZ,A*******,R******,45,Female,Vegetarian,65.77
697870,GYAHD11JHJ,S*********,M******************,37,Male,NonVegetarian,81.88
491695,GYAHD11KLM,I********,B********,37,Female,NonVegetarian,87.26
590687,PBCHD11NLM,R******,M******,52,Male,NonVegetarian,86.85
206179,MZLGI06APK,M******,M********,42,Male,NonVegetarian,80.15
101476,MZLGI02MHP,T******,G****,34,Male,NonVegetarian,79.32
326788,GYAHD09KLM,S*****,N******,47,Female,NonVegetarian,76.01
339807,MZLGI12BRC,R****,Z*****,41,Male,NonVegetarian,76.8
883336,GYAHD08JHJ,V*******,K***,43,Female,NonVegetarian,92
295849,MZLGI15BRC,p*****,c*****,38,Female,NonVegetarian,104.24
454492,KLTRS01WBD,T******,R***********,36,Female,NonVegetarian,87.64
129694,KLTRS03ODB,A*****,D***,36,Female,NonVegetarian,103.97
509745,MZLGI12RJK,K*********,I*****,46,Female,NonVegetarian,69.25
343123,KLTRS10NLZ,L******,N*********,43,Male,NonVegetarian,84.28
324166,GYAHD11JHJ,R*****,S**********,38,Male,Vegetarian,72.88
162743,GYAHD04KLM,V********,C*********,41,Male,NonVegetarian,66.27
524928,PBCHD15MHS,R******,R*******,26,Female,NonVegetarian,84.81
543208,GYAHD05KAU,N******,K*********,42,Female,NonVegetarian,94.29
681216,PBCHD14KLC,J*****,T****,41,Female,Vegetarian,63.01
591383,GYAHD05ODK,C******,C*****,35,Male,Vegetarian,78.19
281999,KLTRS11WBD,C*************,S*****,38,Female,NonVegetarian,94.09
489332,PBCHD04KLC,M********,Z******,49,Female,NonVegetarian,60.56
828189,KLTRS15MLT,M*******,C**,31,Male,NonVegetarian,78.77
907201,KLTRS11MLT,H*****,F*****,41,Male,Vegetarian,72.6
851495,PBCHD02CGD,K*******,K*********,45,Female,NonVegetarian,89.16
665912,KLTRS07NLZ,S*********,V**,39,Female,Vegetarian,104.19
710136,PBCHD04KLC,E******,M********,26,Male,Vegetarian,102.41
689221,PBCHD07MHS,A*****,K*****,51,Male,NonVegetarian,86.69
759388,KLTRS13NLZ,A******,L*********,40,Female,Vegetarian,81.46
226443,MZLGI01MHP,S********,V******,40,Female,NonVegetarian,92.96
286200,KLTRS02TSS,G*****,V******,49,Female,NonVegetarian,80.94
199627,KLTRS10TSS,G***********,M******,31,Male,NonVegetarian,87.74
692464,PBCHD12KLC,A****,M******,42,Female,NonVegetarian,83.05
494945,KLTRS15WBD,R********,s******,33,TrFe,Vegetarian,71.27
966160,GYAHD09KAU,V******,P*********,51,TrFe,Vegan,95.13
751778,GYAHD10KLM,U********,S*****,48,Female,NonVegetarian,62.35
490687,KLTRS06KLP,V*****,M********,39,Female,NonVegetarian,88.16
170923,MZLGI15GJS,C*******,D*************,32,Female,NonVegetarian,104.86
950377,PBCHD02HPP,D*********,B****,46,Female,NonVegetarian,93.01
304730,MZLGI11BRC,L*******,C*************,35,Female,NonVegetarian,84.54
964497,MZLGI11APK,K*****,P*********,41,Male,NonVegetarian,86.82
139278,PBCHD15SKM,A****,M*****,45,Male,Vegetarian,80.85
150964,KLTRS01TSS,N********,Y*******,30,Male,NonVegetarian,83.91
361085,PBCHD12PBP,K*******,R****************,31,Male,NonVegetarian,91.57
812982,KLTRS15ODB,B***********,N********,35,Female,NonVegetarian,86.92
636098,GYAHD15ODK,J*****,K*****,40,Female,NonVegetarian,82.01
915304,PBCHD08PBP,S**********,s******,36,Female,NonVegetarian,84.36
198700,GYAHD09ODK,N******,S*********,42,Male,Vegetarian,62.47
872070,MZLGI08GJS,M******,S********,47,Female,Vegetarian,76.5
563541,MZLGI03BRC,S****,G******,35,Male,Vegetarian,101.29
658587,PBCHD09PBM,A******,R***********,31,TrFe,NonVegetarian,83.36
594563,GYAHD14KAU,P*******,J******,35,Male,Vegetarian,95.76
233154,GYAHD04KAU,S*****,U*****,30,Male,NonVegetarian,74.3
622372,PBCHD14HPP,P******,J****,42,Female,Vegetarian,77.04
300610,PBCHD05GAM,N*****,N*****,45,Male,Vegetarian,73.58
917043,MZLGI10BRC,V**************,B********,42,Male,NonVegetarian,86.5
429927,KLTRS12WBD,M****,B*******,26,Female,NonVegetarian,62.18
872696,MZLGI02MHP,V******,R*,34,Male,NonVegetarian,92.76
563909,GYAHD01JHJ,B*******,M***********,40,Female,Vegetarian,60.78
894238,KLTRS06KLP,S*******,A***,44,Female,NonVegetarian,98.1
731878,MZLGI14MHP,B*********,S*****,35,Male,Vegetarian,100.38
993119,MZLGI05BRC,S******,P*******************,30,Male,NonVegetarian,62.89
477062,MZLGI11GJS,B****,C***************,33,Male,NonVegetarian,88.98
565161,PBCHD02MHS,H*****,F****,48,Male,NonVegetarian,73
894190,MZLGI12APK,R*****,w********,38,Female,Vegetarian,74.53
218850,KLTRS05ODB,N*****,N*******,37,TrFe,NonVegetarian,104.37
603338,GYAHD03KLM,P********,M***,40,Male,NonVegetarian,75.56
920783,KLTRS06WBD,N*********,G***********,43,Male,NonVegetarian,61.3
204267,PBCHD14PBM,G********,G*****,48,Male,NonVegetarian,77.88
778160,PBCHD08CGD,C*********,M******,29,Male,NonVegetarian,104.42
468674,MZLGI15RJK,A****,A*****,36,Male,Vegetarian,67.07
295307,KLTRS07NLZ,M********,F******,45,Female,NonVegetarian,78.71
176293,MZLGI12GJS,R******,D*****,42,Male,NonVegetarian,76.36
392032,GYAHD08KLM,V*******,R**********************,32,Female,NonVegetarian,91.24
769221,MZLGI10BRC,S***********,T**,53,Male,NonVegetarian,95.42
247986,MZLGI11MHP,S************,V*******,41,Male,NonVegetarian,97.04
113566,KLTRS09NLZ,N*****,G*****,40,Female,NonVegetarian,73.23
339062,PBCHD13CGD,S******,N*,44,Male,Vegetarian,81.97
131746,GYAHD15JHJ,C*****,N****,51,TrFe,NonVegetarian,96.78
556834,GYAHD12JHJ,A****,C*************,38,Female,NonVegetarian,90.99
363173,PBCHD02CGD,V*****,S********,36,Male,NonVegetarian,94.57
433688,KLTRS02NLZ,S**********,B****,37,Male,NonVegetarian,69.97
458319,GYAHD06ODK,T*****,A*****,42,Male,Vegetarian,61.58
406097,GYAHD07KLM,K******,G*****,43,Female,Vegetarian,84.19
287197,KLTRS09KLP,K*******,S****,37,Male,NonVegetarian,92.29
377354,MZLGI05BRC,S*******,F*****,30,Male,NonVegetarian,93.15
445948,MZLGI06MHP,K*******,T***********,45,Female,NonVegetarian,74.6
486088,GYAHD10ODK,R******,T*****,37,Male,NonVegetarian,76.66
831231,KLTRS12KLP,R************,S******,43,Female,NonVegetarian,77.24
809802,MZLGI11GJS,A********,S*****,46,Male,NonVegetarian,88.07
653558,MZLGI04RJK,S*******,D***,33,Female,NonVegetarian,100.68
316775,PBCHD08RJU,G*****,S*,42,Female,NonVegetarian,75
240786,PBCHD02CGD,D*******,R***,42,Male,NonVegetarian,79.91
248160,GYAHD02ODK,a*****,d******,40,Male,NonVegetarian,89.29
700968,GYAHD02JHJ,K**************,M*******,29,Female,NonVegetarian,81.22
910231,KLTRS01KLP,M*****,B*,54,Female,NonVegetarian,82.64
326876,GYAHD13KAU,M*****,R**********,44,Female,Vegetarian,70.69
956608,PBCHD13CGD,S*******,K*****,46,Male,NonVegetarian,76.94
428239,MZLGI04RJK,R************,S*,43,Female,NonVegetarian,83.19
195349,MZLGI01APK,A***,N********,44,Male,NonVegetarian,88.53
109135,GYAHD15KAU,Y*,H********,47,Male,Vegetarian,95.02
494122,PBCHD09SKM,V*****,P*****,37,Male,Vegetarian,70.39
519466,GYAHD10JHJ,S********,P*********,31,Female,NonVegetarian,75.91
609650,GYAHD08ODK,A****,T*******,48,Male,Vegetarian,86.59
645348,PBCHD05GAM,J********,P*****,41,Female,NonVegetarian,101.07
334587,KLTRS02MLT,D*****,V*********,57,Female,NonVegetarian,81.08
160294,MZLGI12APK,J*****,B*************,28,Female,Vegetarian,88.36
504356,GYAHD01ODK,M****,L*************,38,Male,NonVegetarian,88.65
249098,MZLGI01MHP,m***,y*********,36,Female,NonVegetarian,62.52
712175,PBCHD05GAM,S***********,P******,34,Male,Vegetarian,88.6
407641,GYAHD05ODK,L****,K*****,30,Male,Vegetarian,74.84
647878,KLTRS07NLZ,S******,K****,34,Female,Vegetarian,61.8
722503,GYAHD14ODK,D******,S******,25,Male,Vegetarian,74.11
397423,GYAHD11ODK,H******,K*********,37,Female,Vegetarian,102.63
733461,GYAHD13KAU,I********,I**********,25,Male,Vegetarian,101.09
544669,PBCHD05RJU,V****,S***,29,Male,Vegetarian,75.13
841480,GYAHD12KAU,J****,P*************,27,PNTD,NonVegetarian,62.36
942692,GYAHD01JHJ,M******,R******,31,Female,NonVegetarian,64.12
649915,MZLGI05BRC,S********,C****,35,Male,Vegetarian,88.02
201573,GYAHD03KLM,J*****,G******,39,TrFe,Vegetarian,92.95
607389,MZLGI12BRC,A*****,A**,41,Male,Vegetarian,83.66
472559,PBCHD01PBP,E****,S**,29,Female,NonVegetarian,98.53
305842,GYAHD13ODK,A****,P**,33,Female,NonVegetarian,86.28
420673,PBCHD09RJU,K***********,B***************,39,Female,NonVegetarian,86.8
532826,PBCHD14SKM,V******,D*****,46,Female,NonVegetarian,88.51
336729,GYAHD12JHJ,P*****,C*****,38,Female,NonVegetarian,87.57
391262,KLTRS15KLP,N********,R*****,28,Female,NonVegetarian,75.1
711964,MZLGI13APK,K*******,O**********,39,Female,NonVegetarian,71
338486,PBCHD03GAM,D******,K********,41,Female,NonVegetarian,96.59
377217,KLTRS06ODB,F********,A******,44,Female,NonVegetarian,95.67
384522,KLTRS01WBD,R************,S************,39,Female,NonVegetarian,86.01
420599,MZLGI14MHP,Y****,P***,44,Male,NonVegetarian,69.2
233357,GYAHD09ODK,A*********,T********,50,Male,NonVegetarian,84.6
294220,PBCHD07SKM,M*******,S***********,44,Female,NonVegetarian,87.27
630114,MZLGI09RJK,C*******,X**,36,Male,NonVegetarian,82.6
909602,MZLGI13APK,M*******,R************,34,Male,Vegetarian,84.76
232625,PBCHD07MHS,S*****,L**,27,Male,NonVegetarian,82.42
198071,GYAHD09KLM,P*****,J****,36,Female,NonVegetarian,100.55
154719,KLTRS14WBD,P*******,S*****,49,Male,NonVegetarian,60.47
254427,PBCHD02PBP,S*********,G*****,44,Male,NonVegetarian,105.17
822437,PBCHD03SKM,P*******,K*****,39,Male,Vegetarian,60.2
993277,GYAHD02KLM,S******,M*,38,Male,NonVegetarian,102.04
494695,MZLGI13APK,S*********,C*********,46,Male,NonVegetarian,85.24
832818,PBCHD11PBM,A*********,B********,44,TrFe,NonVegetarian,95.37
301840,GYAHD09JHJ,J****,S******,49,Male,NonVegetarian,101.9
900968,KLTRS15ODB,R******,V***************,42,Female,NonVegetarian,81.32
754701,KLTRS03KLP,E******,L*******,44,Male,NonVegetarian,81.81
855309,KLTRS10KLP,C****,S******,43,Male,NonVegetarian,65.2
550596,MZLGI14GJS,R*****,J****,40,Female,Vegetarian,81.64
623405,PBCHD04KLC,B******,S*,45,Male,Vegetarian,101.27
246923,KLTRS09NLZ,s*********,r************,38,Female,NonVegetarian,84.3
467007,MZLGI02RJK,M*****,B*****,39,Male,NonVegetarian,80.99
361457,KLTRS11TSS,M****,S*********,25,Female,NonVegetarian,98.95
345354,GYAHD03JHJ,R******,C********,38,Male,Vegetarian,83.09
795531,PBCHD04GAM,G*****,S******,31,PNTD,Vegetarian,100.75
232130,PBCHD05KLC,A*****,S*****,42,Male,NonVegetarian,95.23
477983,PBCHD02NLM,D******,S******,43,Female,Vegetarian,75.61
755690,KLTRS07KLP,J****,W*****,33,Female,NonVegetarian,102.01
959699,KLTRS07TSS,M*******,A*********,46,Male,NonVegetarian,88.35
769874,MZLGI07BRC,L*****,M******,37,PNTD,Vegetarian,97.18
711955,PBCHD07SKM,K******,B******,47,Male,NonVegetarian,96.04
222120,GYAHD07ODK,J********,Y*********,26,Female,NonVegetarian,99.03
378058,MZLGI08GJS,S******,R****************,50,Female,Vegetarian,102.65
270954,KLTRS01MLT,C****,H**,30,Female,NonVegetarian,103.33
908824,KLTRS07TSS,J*******,F*********,30,Female,NonVegetarian,60.59
717401,GYAHD01JHJ,M******,D****,42,Female,NonVegetarian,66.06
728774,KLTRS14NLZ,K********,M*********,39,Female,NonVegetarian,62.12
193055,KLTRS13ODB,R******,D***,46,Male,NonVegetarian,75.94
416660,PBCHD09HPP,J********,K****,38,Female,Vegetarian,90.45
222054,MZLGI12MHP,V*****,N********,33,Male,NonVegetarian,68.87
159524,PBCHD14SKM,m******,s*****,46,Male,NonVegetarian,84.96
593777,PBCHD04MHS,N*****,G*****,44,Female,NonVegetarian,73.94
591481,KLTRS12NLZ,D*********,T********,41,Male,NonVegetarian,71.94
330274,GYAHD15KLM,R*******,D*******,30,Male,Vegetarian,91.77
542747,PBCHD10CGD,E****,B*******,50,Male,Vegetarian,72.83
669255,GYAHD15JHJ,T******,B*********,31,TrFe,NonVegetarian,70.5
863285,PBCHD02GAM,F********,F**********,34,PNTD,NonVegetarian,91.85
334314,PBCHD04GAM,C*******,S*************************,49,Male,NonVegetarian,87.67
447952,MZLGI02GJS,M******,W****,39,Female,Vegan,91
496533,GYAHD10ODK,S**********,T*********,38,Male,Vegetarian,76.91
298118,PBCHD01MHS,s*******,n*********,34,Female,Vegetarian,68.79
888613,KLTRS15MLT,S*****,S*********,38,Female,NonVegetarian,68.66
311532,GYAHD06JHJ,D*********,T*****,29,Male,Vegetarian,81.35
577806,KLTRS13WBD,C******,K*****,32,Male,NonVegetarian,103.22
958793,GYAHD08KLM,J***,G**,31,Male,NonVegetarian,75.49
771939,PBCHD14CGD,D******,C******,36,Female,NonVegetarian,68.52
838694,GYAHD03JHJ,S*****,P*****,51,Male,NonVegetarian,81.36
931141,KLTRS10NLZ,S**********,p******,27,Male,NonVegetarian,96.37
797239,GYAHD15JHJ,P******,T*******,37,Male,Vegetarian,81.5
438769,GYAHD03KAU,A****,B********,27,Male,Vegetarian,66.11
249121,KLTRS03KLP,S***,L******************,39,Female,NonVegetarian,70.59
307473,PBCHD02PBM,r***,k***,36,Male,NonVegetarian,83.43
353451,PBCHD06SKM,A****,A*****,34,Female,NonVegetarian,85.06
154886,PBCHD14MHS,R*****,R*********,29,Male,NonVegetarian,88.63
332624,PBCHD10NLM,S******,A*******,41,Female,NonVegetarian,75.75
943686,MZLGI04APK,D*****,M********,45,Male,NonVegetarian,82.21
350097,MZLGI11MHP,C******,A****************,49,Male,NonVegetarian,83.22
383910,KLTRS05MLT,S*********,D*********,32,Male,Vegetarian,96.17
809898,GYAHD09JHJ,P****,B*******,38,Male,NonVegetarian,88.08
798195,PBCHD13KLC,t*****,v****,39,TrFe,NonVegetarian,98.02
260469,MZLGI10MHP,T*******,S**,43,NS,NonVegetarian,85.96
263143,PBCHD13PBM,S******,N*********,51,Male,Vegetarian,102.69
159830,GYAHD05KLM,M******,M********,35,Female,Vegetarian,103.86
377365,PBCHD08PBM,A***,A*****,48,Male,NonVegetarian,95.95
612044,KLTRS07ODB,A******,G*****,43,Male,NonVegetarian,85.33
279535,PBCHD07KLC,S*****,M********,49,Female,NonVegetarian,82.85
498582,GYAHD03JHJ,U*****,R******,37,Male,NonVegetarian,76.67
966099,GYAHD10ODK,S*****,S*****************,37,Female,Vegetarian,82.42
182420,MZLGI14BRC,C*************,B**********,36,Male,NonVegetarian,70.78
260317,PBCHD06MHS,G****,C*****,37,Female,NonVegetarian,84.14
464139,GYAHD01KLM,J******,K*****************,35,PNTD,NonVegetarian,69.27
798441,GYAHD08KLM,H******,G*****,33,Female,Vegetarian,81.68
110316,KLTRS04KLP,M********,H******,40,PNTD,NonVegetarian,94.55
205362,KLTRS06NLZ,A*****,K*******,35,Male,NonVegetarian,61.66
952263,PBCHD09RJU,R************,M*****************,35,NS,NonVegetarian,80.7
308988,PBCHD14PBM,Y*******,P********,30,Female,Vegetarian,103.76
739712,GYAHD06KLM,N********,C************,33,Female,NonVegetarian,72.24
587059,PBCHD09KLC,S********,P**********,43,Male,NonVegetarian,89.25
790573,MZLGI14APK,S*******,D**********,42,TrFe,Vegetarian,74.44
958573,GYAHD07KLM,A*****,B*******,47,Male,NonVegetarian,92.55
649477,MZLGI11RJK,A*******,G*******,31,Female,NonVegetarian,61.37
544929,GYAHD10KAU,S****,F**********,25,Male,NonVegetarian,61.52
558530,GYAHD15KLM,S******,K*************,58,TrFe,NonVegetarian,86.47
780189,MZLGI13RJK,R****,R**************,36,Female,NonVegetarian,95.41
229781,PBCHD03MHS,S******,M******,41,Female,NonVegetarian,90.99
944123,KLTRS02ODB,K************,M*******,42,Female,NonVegetarian,94.85
506616,MZLGI10RJK,D*******,M*******,42,Female,NonVegetarian,92.41
216127,MZLGI05GJS,S*********,N******,58,Male,Vegetarian,97.95
368485,KLTRS04TSS,A******,G******,42,Male,NonVegetarian,81.78
381454,GYAHD09KLM,S*******,R********,25,TrMale,Vegetarian,80.91
992069,PBCHD03NLM,P******,S*******,42,Male,NonVegetarian,70.61
175285,PBCHD04CGD,P*******,N*******,37,Male,NonVegetarian,89.14
693460,GYAHD12KLM,p*****,k*****,40,Male,NonVegetarian,88.36
353008,KLTRS08TSS,J********,Z*****,32,Male,NonVegetarian,82.97
736967,PBCHD11RJU,J********,D**************,50,Female,NonVegetarian,74.87
476577,GYAHD02ODK,V************,A**********************,43,Female,Vegetarian,98.22
243974,PBCHD15PBP,M*********,D******,32,Male,NonVegetarian,91.94
560751,GYAHD02ODK,P********,R**************,27,Female,NonVegetarian,89.38
468771,MZLGI13BRC,M********,S******,35,Male,Vegetarian,84.66
793415,KLTRS08ODB,R*****,M******,41,Female,NonVegetarian,80.44
219745,MZLGI10BRC,A*******,J*******,37,Female,Vegetarian,73
112232,PBCHD12RJU,V*************,S***********,31,Female,Vegetarian,92.06
162712,KLTRS02MLT,S******,K*********,43,Male,NonVegetarian,68.28
105081,KLTRS03ODB,S*******,P*,31,Male,NonVegetarian,87.83
832226,KLTRS03TSS,S*****,R*****,40,Male,Vegetarian,95.96
989442,GYAHD02ODK,C*****,R******,43,Male,NonVegetarian,74.76
553086,KLTRS09KLP,M************,S******,37,Female,NonVegetarian,93.85
727190,GYAHD07KLM,S*******,K******,25,Female,NonVegetarian,77.31
248426,KLTRS11WBD,P********,V*******,28,Male,NonVegetarian,85.2
629580,PBCHD13HPP,G*,R***************,41,Male,NonVegetarian,65.44
553814,GYAHD15ODK,U*********,S**,38,NS,NonVegetarian,72.07
806585,KLTRS05TSS,L*****,K*******,36,Female,NonVegetarian,103.98
405287,PBCHD10NLM,S******,J*********,53,Male,NonVegetarian,74.53
560919,MZLGI13BRC,G******,B********,38,Female,Vegetarian,99.5
377768,KLTRS05WBD,R***********,P******,34,Male,NonVegetarian,74.67
909515,KLTRS01KLP,G****,A******,44,Female,NonVegetarian,83
634842,KLTRS01WBD,S******,A******,40,Female,NonVegetarian,93.56
271685,KLTRS15WBD,S*******,B*,27,Female,Vegetarian,86.97
754969,KLTRS02NLZ,H*******,K*********,43,Female,NonVegetarian,87.35
122368,MZLGI01MHP,A****,T******,46,Female,Vegetarian,88.1
819061,PBCHD05RJU,V**********,K********,33,Male,NonVegetarian,71.72
596503,PBCHD03PBP,A*********,P*********,50,Female,NonVegetarian,84.69
587808,KLTRS02MLT,R***,k*************,45,Female,Vegetarian,93.3
362554,KLTRS12ODB,A******,M*,43,Female,Vegetarian,84.16
142805,KLTRS09MLT,R*****,A******,37,Female,NonVegetarian,86.7
740762,KLTRS11WBD,T*****,N*******,33,Female,NonVegetarian,80.82
873301,PBCHD10KLC,A******,P*******,37,Male,Vegetarian,94.17
850088,GYAHD11KAU,J*****,S******,32,Female,NonVegetarian,97.91
676818,KLTRS11MLT,S*************,A****************,33,Male,Vegetarian,93.96
594130,PBCHD10NLM,B*******,B***********,50,Male,NonVegetarian,90.83
704114,PBCHD11KLC,A*****,G*********,38,Female,NonVegetarian,77.75
992646,KLTRS01TSS,S******,B*****,50,Female,NonVegetarian,83.45
395819,GYAHD10KLM,P******,V*******,37,Male,NonVegetarian,60.41
232810,MZLGI09APK,S*****,P********,37,Female,Vegetarian,71.21
700466,KLTRS13WBD,S*******,G*****,51,Male,Vegetarian,103.56
350367,PBCHD12PBP,G******,N**************,35,Female,NonVegetarian,64.64
800478,PBCHD05RJU,K*****,M******,28,Male,NonVegetarian,88.25
653219,PBCHD11MHS,V*******,R*****************,41,Female,NonVegetarian,87.82
923818,MZLGI01BRC,K**,A*******************,36,Male,Vegetarian,102.35
443253,MZLGI09APK,S*********,B********,35,Female,NonVegetarian,82.66
353895,GYAHD11KAU,P********,C****************,46,Male,NonVegetarian,91.22
699452,GYAHD07KAU,M*******,J****,42,PNTD,NonVegetarian,60.74
100427,PBCHD13NLM,T******,K*****,55,Male,NonVegetarian,86.31
410662,KLTRS06KLP,𝐕*******************************,𝐆************,31,Female,NonVegetarian,81.38
459733,PBCHD03RJU,A******,p******,43,Male,NonVegetarian,66.89
512379,MZLGI01APK,N*****,K**********,41,Male,Vegetarian,88.76
931523,KLTRS07WBD,V*******,R******,48,Female,NonVegetarian,85.27
211734,MZLGI08RJK,S************,S***********,46,Male,NonVegetarian,83.76
594555,KLTRS02WBD,D******,D*******,43,Male,NonVegetarian,73.69
169179,PBCHD01PBP,P*****,A*******,37,Female,NonVegetarian,87.81
654593,PBCHD01CGD,S******,M**********,48,Male,NonVegetarian,100.69
908007,PBCHD03GAM,R******,K********,37,Female,Vegetarian,76.51
796383,KLTRS06ODB,P*******,K****************,25,Female,NonVegetarian,102.36
789794,GYAHD14KLM,P*******,k******,46,Female,NonVegetarian,91.91
406736,GYAHD13KLM,U************,K********,38,Male,NonVegetarian,72.09
152091,KLTRS15WBD,Y****,M*******,39,Male,Vegetarian,98.89
105937,MZLGI08BRC,A****,G*****,41,Female,Vegetarian,75.53
487017,KLTRS07TSS,N********,M***********,37,Female,NonVegetarian,93.27
581211,KLTRS13WBD,S*******,B********,28,Female,Vegetarian,74.59
124326,MZLGI07BRC,C********,T*****,45,Male,NonVegetarian,91.9
703800,MZLGI02APK,U*******,S*****,36,Male,Vegetarian,99.1
447249,KLTRS07TSS,N****,G****,41,Male,Vegetarian,62.47
529827,KLTRS09WBD,R******,G****,34,TrFe,NonVegetarian,82.16
179467,MZLGI13GJS,L*******,P********************,44,Female,NonVegetarian,85.81
877795,KLTRS06MLT,A********,A*******,38,Male,NonVegetarian,73.61
701979,GYAHD10KAU,U********,C**********,36,Female,Vegetarian,76.46
801752,PBCHD05RJU,N******,A*****,37,Female,NonVegetarian,88.04
309083,MZLGI03APK,R*****,G******,27,Male,Vegetarian,97
901741,GYAHD01KAU,M******,P**,37,Male,Vegetarian,100.85
202897,GYAHD07JHJ,R********,R***,35,Female,Vegetarian,79.28
461310,GYAHD10ODK,K******,P*****,40,Male,NonVegetarian,87.38
878873,GYAHD02KLM,S********,M*****,37,Female,NonVegetarian,85.8
953446,GYAHD09KAU,R****,M******,32,Male,Vegetarian,84.64
797596,KLTRS01WBD,A******,B*,35,Female,Vegetarian,82.72
837270,MZLGI10RJK,S*******,P******,27,Male,Vegetarian,97.18
591285,KLTRS10ODB,R************,G***********,31,Female,NonVegetarian,95.17
477555,KLTRS07WBD,A*******,S******,30,Male,NonVegetarian,94.45
201619,MZLGI03GJS,H******,V********,37,Male,NonVegetarian,71.67
319612,MZLGI05RJK,P********,B*****,44,Male,NonVegetarian,74.72
505085,GYAHD13JHJ,K*****,A*,58,Male,NonVegetarian,66.03
819398,PBCHD07KLC,T******,B************,34,Male,Vegetarian,74.98
570769,MZLGI12GJS,N******,J****,40,Male,NonVegetarian,79.09
506888,GYAHD13KLM,Y******,K*************,41,Female,NonVegetarian,82.64
262208,GYAHD14JHJ,A*******,G****,29,Male,NonVegetarian,72.84
863999,MZLGI08BRC,S***,S*****************,41,Male,NonVegetarian,72.28
381354,MZLGI13APK,A******,S*****,38,Female,Vegetarian,96.12
392236,PBCHD08KLC,A*****,K*,36,Male,Vegetarian,104.82
123597,GYAHD10JHJ,T*****,w*****,32,Female,NonVegetarian,84.75
994374,MZLGI05APK,A*********,S*******,52,Female,NonVegetarian,96.99
834226,MZLGI03RJK,p*********,G************,35,Male,NonVegetarian,84.69
506031,PBCHD08HPP,A*******,S*****,32,Female,NonVegetarian,81.05
650709,GYAHD14ODK,J*****,S*******,40,Male,NonVegetarian,85.65
375108,KLTRS01ODB,S*********,K****,32,Female,NonVegetarian,87.64
387830,MZLGI12GJS,S********,S*****,45,Female,NonVegetarian,70.98
157655,GYAHD14ODK,P********,C*******,38,Female,Vegetarian,78.41
232477,MZLGI13RJK,D***********,G*****,43,Female,NonVegetarian,87.28
241269,MZLGI04GJS,H**********,P********,41,Female,Vegetarian,95.03
968725,PBCHD09GAM,S******,G*****,38,Female,Vegetarian,97.02
624679,GYAHD07KAU,P*****,K******,41,Female,NonVegetarian,78.12
382231,MZLGI03APK,P***********,R******,36,Female,NonVegetarian,82.74
953630,MZLGI03RJK,R*****,K*****,46,PNTD,NonVegetarian,66.2
100271,MZLGI12APK,S******,D*****,42,TrFe,NonVegetarian,71.59
977140,KLTRS07WBD,s*****,u********,32,Male,NonVegetarian,104.83
946832,MZLGI07GJS,K******,P******,46,Male,Vegetarian,82.78
443424,MZLGI09GJS,A*******,I********,52,Female,Vegetarian,96.34
812644,GYAHD02KLM,s***********,D*,39,Female,NonVegetarian,91.77
333809,GYAHD08KLM,P*******,k*****,30,Male,NonVegetarian,80.41
326164,GYAHD03KAU,G*******,R*****,45,Male,Vegetarian,75.95
757469,MZLGI14MHP,S******,P************,37,TrFe,NonVegetarian,81.21
520960,KLTRS04KLP,S********,K****,46,Male,Vegetarian,61.97
574184,PBCHD06CGD,L****,M**,46,Female,NonVegetarian,93.08
885868,PBCHD09PBP,Y*******,E*****,38,Female,NonVegetarian,88.94
795562,PBCHD01SKM,R*****,H*****,25,Female,NonVegetarian,61.32
631016,PBCHD07PBM,J*****,Y*****,41,Male,NonVegetarian,62.54
431802,PBCHD13GAM,A*****,M***********,42,Male,NonVegetarian,97.65
923830,PBCHD02KLC,S*****,K*****,49,TrFe,NonVegetarian,70.82
265947,GYAHD15KAU,U*******,L*******,42,Male,Vegetarian,103.48
550725,KLTRS14NLZ,D***********,M***,40,Female,NonVegetarian,100.15
758528,PBCHD13PBP,I*******,S*****,43,Male,Vegetarian,85.33
230087,PBCHD15CGD,S****,R********,33,Female,Vegetarian,81.5
725071,GYAHD15ODK,S*******,B*,37,Male,NonVegetarian,69.32
203664,PBCHD10CGD,R*******,A*********,28,Male,NonVegetarian,97.2
216686,PBCHD14KLC,H******,R***,45,Male,NonVegetarian,92.88
350054,MZLGI03RJK,T*******,H*****,42,Female,Vegetarian,72.13
894092,KLTRS04TSS,M******,D******,40,NS,NonVegetarian,70.46
103562,KLTRS15TSS,V*****,A***********,49,Female,NonVegetarian,102.68
739683,KLTRS09ODB,P*****,G*****,25,Male,NonVegetarian,73.62
303313,KLTRS01ODB,K*****,G*,36,Male,NonVegetarian,91.37
709599,GYAHD07JHJ,J*****,C******,51,Female,Vegetarian,82.93
100757,PBCHD01HPP,Y****,A*******,42,Female,Vegetarian,90.04
651195,MZLGI09BRC,P*****,K*********,38,Male,NonVegetarian,68.6
593193,GYAHD04ODK,N******,M*********,49,Male,NonVegetarian,85.13
532432,PBCHD05MHS,b*******,s*******,53,Male,NonVegetarian,85.65
405554,PBCHD13CGD,D******,P******,35,Male,NonVegetarian,72.13
961533,MZLGI11APK,P****,P********,39,Female,Vegetarian,93.06
559361,PBCHD01PBM,S******,S*****,25,Female,Vegetarian,89.3
333964,PBCHD05GAM,S******,K*****,35,Male,Vegetarian,98.66
445719,KLTRS14ODB,N*******,B*************,50,Male,NonVegetarian,98.97
782471,KLTRS02WBD,L*******,D*************,56,Female,NonVegetarian,84.68
312669,KLTRS11ODB,S*******,I*****,42,Female,NonVegetarian,93.26
836561,PBCHD11SKM,H******,s*******,32,Male,NonVegetarian,84.32
190772,GYAHD05JHJ,R******,K***************,43,TrMale,NonVegetarian,85.41
343204,MZLGI09GJS,M******,M******,36,Male,NonVegetarian,76.57
136872,MZLGI09MHP,S*************,C**,50,Female,NonVegetarian,104.27
753540,GYAHD02KLM,P******,T*****,44,Female,Vegetarian,88.03
844692,GYAHD06KAU,V**,V*******,38,Female,NonVegetarian,85.39
416632,PBCHD07PBM,R****,k*****,30,Female,NonVegetarian,71.2
897248,PBCHD10KLC,J***,U********,25,Male,NonVegetarian,84.26
971143,MZLGI08APK,A****,K****,37,Male,NonVegetarian,96.94
977157,KLTRS12KLP,D*****,T******,43,Female,Vegetarian,96.62
828292,KLTRS09TSS,J*********,T**,39,Female,Vegan,76.9
642916,KLTRS05WBD,S******,S*****,53,Female,NonVegetarian,88.45
524545,GYAHD02KLM,d*******,s*****,36,Male,Vegetarian,93.79
343689,PBCHD01GAM,A******,A****,41,Female,NonVegetarian,71.51
367114,KLTRS02MLT,v*********,s*********,33,Female,Vegetarian,75.96
417137,KLTRS05NLZ,S*****,A******,39,Male,NonVegetarian,68.14
912542,MZLGI03MHP,G******,S****************,38,Male,NonVegetarian,87.95
329360,GYAHD05ODK,S***********,P*******,47,Male,Vegetarian,101.27
176883,PBCHD10PBM,R***,K*****,40,Female,NonVegetarian,88.97
628761,KLTRS07ODB,N*********,A******,43,Male,NonVegetarian,99.31
520608,GYAHD04JHJ,S********,R***,27,Female,NonVegetarian,94.27
769520,KLTRS08KLP,B****,B******,49,Female,Vegetarian,102.2
485351,PBCHD07MHS,P*******,Y*,39,Female,NonVegetarian,88.68
256210,KLTRS01TSS,S*****,M*************,42,Male,NonVegetarian,83.73
541797,PBCHD12RJU,V*********,R********,36,Female,NonVegetarian,93.98
352676,PBCHD14NLM,M*********,S****,48,Male,Vegetarian,77.52
153031,PBCHD06KLC,S*******,N*****,30,Male,NonVegetarian,80.11
143032,KLTRS08TSS,G*******,I*****,41,Female,Vegetarian,97.57
469453,KLTRS09ODB,T***,C*********,39,Male,NonVegetarian,101.76
146315,PBCHD08RJU,A****,P******,25,Female,Vegetarian,86.11
798971,PBCHD08PBM,C******,S******,43,Female,Vegetarian,74.55
866879,GYAHD15JHJ,V********,R***,42,Male,NonVegetarian,85.38
523503,MZLGI01MHP,S***,K*******,36,Male,NonVegetarian,97.54
859019,MZLGI07APK,V*******,Z*******,41,Female,NonVegetarian,83.4
143079,PBCHD08NLM,P**********,D*********,38,Female,NonVegetarian,83.39
281427,KLTRS05ODB,N******,S******,30,Male,NonVegetarian,72.02
583786,PBCHD15SKM,A******,R***************,43,Male,Vegetarian,68.73
581526,MZLGI04APK,S*****,G******,30,Female,NonVegetarian,86.56
782988,KLTRS13TSS,R*****,R*****,39,Male,NonVegetarian,81.94
619256,MZLGI08BRC,S*******,P***,30,Female,NonVegetarian,74.36
516473,KLTRS10NLZ,S********,R********,31,Female,Vegetarian,90.58
399527,GYAHD05ODK,A******,M*****,46,Female,Vegetarian,96.27
700258,KLTRS15MLT,P*****,G******,50,Female,NonVegetarian,102.68
498559,PBCHD11MHS,E*******,M********,42,Male,Vegetarian,76.1
529529,MZLGI07GJS,D*****,P***************,36,Male,Vegetarian,75.88
382724,MZLGI10APK,C************,B***************,34,Female,NonVegetarian,87.72
660271,KLTRS09NLZ,j******,k*****,46,Male,NonVegetarian,69.38
983430,PBCHD15HPP,V*******,S******,44,TrFe,Vegetarian,88.49
998413,GYAHD02KLM,A******,K********,42,Male,NonVegetarian,104.37
464235,MZLGI04APK,V******,P******,37,Male,NonVegetarian,82.83
742055,MZLGI10BRC,S*******,B******,39,Female,NonVegetarian,61.21
184088,MZLGI03BRC,U*******,B**********,39,Female,NonVegetarian,87.69
547991,GYAHD14ODK,K******,B******,39,Female,NonVegetarian,95.97
338788,PBCHD08PBM,A*********,G***********,39,Male,NonVegetarian,67.45
874609,KLTRS10TSS,H*******,P****************,37,Male,NonVegetarian,98.47
791781,MZLGI12APK,S*******,M******,40,Female,NonVegetarian,80.66
250508,PBCHD06RJU,S******,P******,38,Male,Vegetarian,86.88
227563,GYAHD14KAU,D****,K******,32,TrFe,Vegetarian,88.16
110418,KLTRS11WBD,B*****,P************,38,Male,NonVegetarian,86.16
445920,KLTRS04KLP,J******,J****,39,Male,NonVegetarian,80.05
911957,KLTRS15WBD,J******,L********,45,Male,NonVegetarian,94.24
960166,GYAHD07ODK,V*****,S*********,28,Female,NonVegetarian,86.33
315609,GYAHD08ODK,O*********,K********,40,Female,Vegetarian,82.36
571227,MZLGI05GJS,S******,V***********,49,Female,NonVegetarian,82.03
729012,MZLGI10RJK,D***,G******,45,Male,NonVegetarian,86.07
723592,KLTRS15MLT,R**********,Y**************,53,Female,NonVegetarian,80.83
877117,GYAHD05ODK,A******,J****,44,Male,Vegetarian,74.52
910143,KLTRS07ODB,K******,R*******,41,Female,NonVegetarian,75.65
435814,KLTRS02WBD,M*******,F********,44,Male,NonVegetarian,73.44
891232,PBCHD10SKM,Y********,S************,43,PNTD,Vegetarian,87.6
608301,GYAHD14KAU,C**,M*******,39,Female,NonVegetarian,86.98
619387,GYAHD09KLM,R****,K*****************,25,Female,NonVegetarian,81.94
817235,KLTRS07NLZ,H****,T*******,37,Male,NonVegetarian,99.26
333864,GYAHD12KAU,A*****,M***************,30,Female,NonVegetarian,70.7
281329,KLTRS01KLP,V*******,R*********,38,PNTD,NonVegetarian,95.43
759750,GYAHD08JHJ,R******,P******,55,Male,Vegetarian,68.84
157009,KLTRS06KLP,A*****,F******,47,Male,NonVegetarian,70.66
385796,KLTRS02WBD,A*****,P******,38,Male,Vegan,83.82
974953,MZLGI05GJS,J*,B************,33,Female,Vegetarian,88.18
657839,GYAHD06JHJ,J******,T*****,45,Male,NonVegetarian,96.68
932730,PBCHD11KLC,R************,G*,34,Female,NonVegetarian,68.74
652329,KLTRS09MLT,A******,P******,43,Male,NonVegetarian,74.02
370328,MZLGI02RJK,V*******,R*****************,41,Female,NonVegetarian,94.83
788335,KLTRS09NLZ,M*****,P*****,41,Female,NonVegetarian,76.48
823421,GYAHD05KLM,V*******,Y*****,40,Female,NonVegetarian,76.15
133216,PBCHD06SKM,H****,M******,44,Male,NonVegetarian,83.9
539872,PBCHD04KLC,T*************,T*******,40,Female,Vegetarian,74.64
854366,GYAHD02KLM,A*****,K*******,38,Female,NonVegetarian,83.72
914222,MZLGI04BRC,v**********,P*****,39,Female,NonVegetarian,95.25
591345,MZLGI05GJS,P*********,G*,32,Female,NonVegetarian,74.02
175037,MZLGI03APK,T******,A*****,41,TrFe,NonVegetarian,66.26
797420,PBCHD03RJU,R******,S*********,40,Female,NonVegetarian,95.4
687980,GYAHD02KAU,L*****,P******,25,Female,NonVegetarian,95.28
530357,PBCHD14HPP,M*****,R*************,37,Male,NonVegetarian,91.99
110204,GYAHD09KLM,M******,p********,40,Female,Vegetarian,102.75
567274,MZLGI10RJK,J****,A*******,40,TrFe,NonVegetarian,86.48
650259,MZLGI12APK,V**********,K*********,49,Male,Vegetarian,80.27
235072,GYAHD05KAU,M******,R*,43,Male,NonVegetarian,63.55
182165,PBCHD14SKM,S*******,P*******,45,Male,NonVegetarian,96.7
559247,KLTRS08WBD,J***,J*****,31,Female,NonVegetarian,86.05
645382,PBCHD13SKM,R******,Y**********,36,Male,NonVegetarian,87.43
665469,GYAHD07KLM,R***********,r*************,44,TrFe,NonVegetarian,81.67
825828,GYAHD08JHJ,A*******,D*********,35,Female,NonVegetarian,88.01
185402,KLTRS08NLZ,P********,D********,34,Male,NonVegetarian,77.3
899963,PBCHD12KLC,R*********,V*****,37,Male,NonVegetarian,78.33
179860,MZLGI05GJS,A*********,p******,30,Male,NonVegetarian,97.24
614990,MZLGI11BRC,R*****,S****,35,Female,Vegetarian,76.81
340136,GYAHD02KLM,K****,G**************,32,Female,NonVegetarian,92.76
608299,MZLGI07RJK,A*********,K*******,50,Female,Vegetarian,75.55
327258,KLTRS03WBD,A*****,G*************,43,Male,Vegetarian,95.25
209488,PBCHD05PBP,K*****,B****,34,Female,Vegetarian,91.09
998843,KLTRS09NLZ,H*****, ******,42,Male,NonVegetarian,82.39
628208,KLTRS08ODB,S*****,E*******,42,Male,Vegetarian,88.44
100004,PBCHD02RJU,S******,G********,31,Male,NonVegetarian,73.66
747043,KLTRS04TSS,R******,K**********,46,Male,NonVegetarian,83.59
722906,PBCHD01CGD,k*************,t*******,42,Female,Vegetarian,98.78
604900,GYAHD13ODK,r********,a*********,47,Female,NonVegetarian,87.9
390795,GYAHD10KLM,S********,P***********,49,Female,Vegetarian,101.89
728515,PBCHD13RJU,R******,M***********,28,Male,Vegetarian,81.21
797727,PBCHD11CGD,M*********,M******,43,Male,NonVegetarian,94.89
845825,KLTRS12KLP,N******,G***********,45,Male,NonVegetarian,80.61
318540,GYAHD03JHJ,C******,G*********,39,Male,NonVegetarian,63.64
429131,GYAHD08JHJ,M*******,S***************************,41,TrFe,Vegetarian,86.14
373580,GYAHD04KLM,S******,S***********,41,Male,NonVegetarian,88.11
598933,PBCHD10SKM,G****,G******,41,Male,Vegetarian,83.41
273613,GYAHD08JHJ,A****,V*****,36,Male,NonVegetarian,86.4
476714,KLTRS02KLP,G********,D****,41,Male,NonVegetarian,98.99
506502,GYAHD09JHJ,R*******,N*,28,Female,NonVegetarian,100.52
679852,PBCHD02NLM,Z****,S******,46,Female,Vegetarian,81.29
982692,KLTRS12WBD,C*******,S****************,41,Female,NonVegetarian,84.73
981935,GYAHD05JHJ,V******,V******************,35,Male,NonVegetarian,88.52
657378,MZLGI02RJK,D******,K*****,25,Female,NonVegetarian,92.27
911527,GYAHD06KAU,R*****,A********,31,Male,Vegetarian,98.49
849322,PBCHD05NLM,U******,K******,42,Female,NonVegetarian,60.73
669275,MZLGI11RJK,c******,s******,44,Male,NonVegetarian,85.5
596162,KLTRS09TSS,V*******,D********,40,Male,NonVegetarian,85.07
257261,GYAHD11ODK,S***,T*************,52,Male,NonVegetarian,73.08
740530,PBCHD01KLC,T*,S************,37,Male,Vegetarian,91.97
918886,MZLGI12MHP,s*******,r*******,45,Female,NonVegetarian,83.85
639014,KLTRS15MLT,S****,N*****************,36,Male,Vegetarian,102.48
808825,KLTRS07KLP,R*****,P****,36,Male,NonVegetarian,82.83
954209,MZLGI10GJS,m*,m********,40,PNTD,Vegetarian,78.41
669191,GYAHD03KAU,K*******,S*****,44,Female,Vegetarian,81.08
699907,KLTRS04TSS,D******,K**********,42,Male,Vegetarian,75.79
139191,GYAHD03KLM,N*******,V*********,44,Male,NonVegetarian,87.42
786571,MZLGI11RJK,T******,W****,28,PNTD,Vegetarian,95.3
327932,MZLGI13GJS,S***********,A********,36,NS,NonVegetarian,73.82
678498,MZLGI12RJK,G******,T*****,44,Female,NonVegetarian,76.99
191948,PBCHD15SKM,A****,S***,42,Female,NonVegetarian,74.84
994271,MZLGI08BRC,R******,R******,36,Male,NonVegetarian,71.84
750756,KLTRS10ODB,P***********,B*,34,Male,NonVegetarian,92.09
990098,PBCHD09CGD,S************,S*****,37,Female,NonVegetarian,66.96
986691,GYAHD03ODK,C*******,B*************,41,Female,NonVegetarian,103.92
270400,GYAHD08KAU,Y************,V*************,43,Female,NonVegetarian,81.09
794510,KLTRS03ODB,N********,D********,43,Male,NonVegetarian,64.59
226943,MZLGI02APK,A*****,G*****,54,Female,NonVegetarian,98.36
514658,GYAHD14KLM,S******,S********,28,Female,NonVegetarian,81.95
239096,GYAHD04ODK,H**********,B*********,43,Male,NonVegetarian,81.6
463168,PBCHD08PBM,R***,b******,43,Male,NonVegetarian,98.84
663298,GYAHD12JHJ,A****,K*****,45,Male,NonVegetarian,74.93
441173,KLTRS04KLP,A******,S********,39,Female,Vegetarian,91.5
707151,GYAHD07JHJ,C*********,H****,46,Male,NonVegetarian,65.85
587363,GYAHD03ODK,S******,K********,44,Male,NonVegetarian,86.79
129681,KLTRS14KLP,R******,V************,32,Male,Vegetarian,72.83
377840,GYAHD07ODK,M******,P**********,40,Female,Vegetarian,88.56
182518,KLTRS12ODB,A****,S***********,47,Female,Vegetarian,95.17
467954,GYAHD14ODK,F**********,M********,37,Male,NonVegetarian,81.03
333597,GYAHD09JHJ,L*****,C********,51,Male,NonVegetarian,78.36
582652,GYAHD13JHJ,M*******,M*******,39,Male,Vegetarian,83.64
886997,MZLGI02GJS,S*******,A**********,33,Female,NonVegetarian,69.06
639179,PBCHD14GAM,T*******,P**********,25,Female,NonVegetarian,78.94
789574,PBCHD13GAM,C******,G********,42,Female,Vegetarian,99
387298,GYAHD13KLM,Y********,G*********,43,Male,Vegetarian,93.83
811466,KLTRS09MLT,S***,S*****************,34,Male,NonVegetarian,75.04
986400,GYAHD13ODK,T********,C*********,33,Female,Vegetarian,80.35
864233,PBCHD06CGD,J******,T******,50,Female,NonVegetarian,81.78
887537,GYAHD04ODK,K*******,K*,58,TrFe,NonVegetarian,97.12
847697,GYAHD12ODK,K****,L*****,42,Male,NonVegetarian,96.45
268116,GYAHD13ODK,S*******,K*****,36,Male,NonVegetarian,62.47
411297,MZLGI05BRC,N**********,R**********,49,Female,NonVegetarian,66.17
603836,PBCHD01PBM,Y******,J***************,44,Male,NonVegetarian,91.68
706043,MZLGI10MHP,P**********,R******,37,Female,Vegetarian,82.94
144494,PBCHD07NLM,J***,B*************,43,Male,Vegetarian,103.73
997426,KLTRS03MLT,P*******,K*****,54,PNTD,Vegetarian,82.08
344280,PBCHD07KLC,M*******,P****,54,Female,NonVegetarian,86.29
818259,KLTRS04TSS,K******,K**********,33,Male,Vegetarian,93.22
228252,PBCHD04GAM,M******,k*******,40,Male,NonVegetarian,87.55
873362,GYAHD10JHJ,V******,P***********,42,Male,NonVegetarian,84.3
332573,PBCHD11KLC,S***,K*************,32,Female,NonVegetarian,85.9
950781,MZLGI03BRC,S******,K*****,33,Male,NonVegetarian,84.06
501493,GYAHD15KLM,j***,a*****,36,Female,NonVegetarian,81.27
699159,PBCHD15MHS,R******,A*****,49,Female,NonVegetarian,94.05
715967,KLTRS12TSS,S*********,P****,48,Male,Vegetarian,64.34
638466,GYAHD06ODK,R*****,P*************,38,Female,NonVegetarian,76.54
273907,PBCHD04CGD,R****,G***********,45,Female,NonVegetarian,94.29
540596,PBCHD04CGD,A******,A*******,35,Female,NonVegetarian,96.05
345790,KLTRS13MLT,K*******,V********,29,Male,NonVegetarian,85.37
449067,PBCHD08PBM,S***************,N*******,48,Female,Vegetarian,61.97
612207,GYAHD04KAU,K*****,A********,45,Male,NonVegetarian,81.64
720783,GYAHD01ODK,S*******,K******,41,Female,NonVegetarian,73.07
946635,KLTRS04KLP,I*************,M********,45,Male,NonVegetarian,84.44
893073,PBCHD12MHS,S******,M**********,43,Female,NonVegetarian,86.06
344501,PBCHD01HPP,S*************,T*********,32,Male,NonVegetarian,76.75
906256,PBCHD14CGD,G******,G********,40,Male,NonVegetarian,75.64
370880,KLTRS10ODB,P*****,P****************,35,Female,NonVegetarian,92.99
213193,KLTRS13KLP,P*******,S*******,25,Male,NonVegetarian,74.52
176249,KLTRS03WBD,U*******,N*************,37,Male,NonVegetarian,78.02
568871,PBCHD02CGD,R******,S******,46,Male,NonVegetarian,98.68
432377,PBCHD11GAM,J*********,V***,35,Male,NonVegetarian,83.22
476931,PBCHD09KLC,R***********,A****,50,Female,NonVegetarian,96.05
896846,KLTRS08MLT,V******,J*****,33,TrFe,NonVegetarian,86.75
613684,MZLGI04APK,D*****,P*****,48,Male,NonVegetarian,95.07
936369,KLTRS01TSS,A*****,J*****,58,Female,Vegetarian,96.55
333433,PBCHD05CGD,A******,J****,41,Female,Vegetarian,96.47
768597,GYAHD07JHJ,A*****,K*************,33,Female,NonVegetarian,72.16
732623,MZLGI05BRC,S******,K*********,37,Male,NonVegetarian,73.06
497866,PBCHD13RJU,M****,L******,36,Female,NonVegetarian,96.84
294558,GYAHD09ODK,S******,W****,43,Male,NonVegetarian,74
487573,GYAHD04ODK,K****,V********************************,42,Female,Vegetarian,62.19
858206,KLTRS09MLT,M*****,N******,34,Female,NonVegetarian,78.76
405602,PBCHD06RJU,D*******,M******,38,Female,NonVegetarian,71.86
744298,KLTRS01ODB,A****,k*****************,48,Male,NonVegetarian,85.98
758925,GYAHD02ODK,S*******,T*******,40,TrFe,Vegetarian,82.37
674511,MZLGI13GJS,N******,G*******,36,Male,NonVegetarian,104.02
810518,GYAHD06ODK,M********,M******,32,Male,NonVegetarian,79.96
483260,KLTRS12TSS,W****,M*****,32,Female,NonVegetarian,91.65
625213,MZLGI02GJS,S****,V*,39,Female,NonVegetarian,91.79
645523,MZLGI09BRC,S***********,G*****,49,Male,NonVegetarian,100.63
881575,GYAHD14ODK,s***,k**************,43,Male,Vegetarian,81.59
247098,MZLGI01MHP,S********,S************,34,Male,NonVegetarian,79.65
583858,MZLGI09GJS,R****,B*********,44,Female,Vegetarian,76.55
974751,MZLGI08RJK,K******,K************,41,Female,Vegetarian,102.09
463104,PBCHD14CGD,S******,G*****,41,Male,NonVegetarian,75.73
649076,KLTRS12NLZ,S*******,U***********,37,Female,NonVegetarian,85.42
618769,MZLGI15BRC,V******,G****,44,Female,NonVegetarian,78.73
868902,PBCHD12GAM,S******,K*********,41,Male,Vegetarian,86.57
816253,GYAHD07KLM,C*****,Y*****,25,Female,NonVegetarian,80.28
577390,KLTRS03ODB,V*****,U*****,36,Female,NonVegetarian,74.88
881651,KLTRS15ODB,C***********,S*****,39,Male,NonVegetarian,61.01
956336,PBCHD02PBM,N*****,T*******,45,Male,Vegetarian,61.94
474675,GYAHD06ODK,C**,V***************,35,Male,NonVegetarian,61.28
617990,MZLGI13GJS,V*******,R**************************,36,Male,NonVegetarian,66.82
369768,GYAHD14ODK,J***,R********,43,Female,NonVegetarian,74.43
446911,KLTRS10NLZ,S*******,N********,35,Male,NonVegetarian,81.18
629341,PBCHD08GAM,T*******,V*********,47,Male,NonVegetarian,88.27
339281,GYAHD07KLM,J*****,L**,43,Female,NonVegetarian,87.07
921056,MZLGI06RJK,S*******,K*****,48,Female,Vegetarian,94.96
561425,GYAHD12KLM,V******,K*****,38,Male,Vegetarian,88.37
577542,MZLGI11RJK,K*****,p*,39,Female,NonVegetarian,81.19
489466,GYAHD09KLM,H**********,D********,49,Female,NonVegetarian,86.4
552326,KLTRS06KLP,A******,D*******,51,NS,NonVegetarian,75.99
528698,KLTRS11KLP,D****,K***********,38,NS,NonVegetarian,100.55
456803,KLTRS02ODB,A*******,K*********,47,TrFe,NonVegetarian,83.79
400827,KLTRS08TSS,l*******,s*******,48,Male,Vegetarian,76.69
140222,PBCHD03GAM,T***,B******,28,Female,NonVegetarian,101.25
161091,GYAHD08ODK,H*******,S***,43,Male,Vegetarian,62.34
623388,MZLGI02RJK,G********,S*****,51,Female,Vegetarian,88.46
213545,PBCHD12KLC,M******,R**************,39,Male,Vegetarian,105.13
396945,GYAHD12KAU,R*****,S******,58,Female,NonVegetarian,96.49
163223,MZLGI09BRC,B******,K*******,47,NS,NonVegetarian,96.04
122283,KLTRS06ODB,V*********,P******,39,Male,NonVegetarian,75.09
421558,KLTRS01ODB,L*********,M*****,41,Male,NonVegetarian,71.41
816968,PBCHD10NLM,A***,H**************,38,Female,Vegetarian,88.32
507311,KLTRS13WBD,R***,P**,32,Female,NonVegetarian,90.24
941217,KLTRS01MLT,G**********,K********,40,Male,NonVegetarian,62.51
603151,MZLGI03RJK,S*****,K************,35,Male,NonVegetarian,79.05
331248,KLTRS07TSS,E****,L********,47,Male,NonVegetarian,87.12
761396,KLTRS02KLP,Y********,S********,41,Male,NonVegetarian,84.59
136619,KLTRS07MLT,P*****,K*******,36,Female,Vegetarian,95.22
672934,PBCHD14SKM,K*****,K************,50,Female,NonVegetarian,94.14
407957,KLTRS04MLT,R*******,P*****,42,Male,NonVegetarian,93.54
748083,KLTRS05TSS,A********,B************,51,Female,Vegetarian,70.1
177134,PBCHD01CGD,A*******,N****,40,Female,NonVegetarian,67.56
431877,PBCHD08CGD,A********,(**********************,44,Female,NonVegetarian,72.13
188534,PBCHD13NLM,S*****,M******,32,Male,NonVegetarian,84.64
142762,GYAHD09KLM,D*******,P**********,26,Female,NonVegetarian,103.67
253763,PBCHD13MHS,S*******,S******,37,Female,NonVegetarian,83.75
909193,GYAHD07ODK,A******,K*,36,Female,Vegetarian,95.25
736264,MZLGI02APK,J*****,P*******,43,Male,Vegetarian,101.92
324006,GYAHD09ODK,V**********,G*******,32,Female,NonVegetarian,79.06
225190,PBCHD11RJU,K*******,S*****************,38,Female,Vegetarian,96.01
355094,KLTRS06KLP,S*****,T**********,31,Male,NonVegetarian,102.29
644634,PBCHD11PBM,P*********,V**********,40,Female,Vegetarian,77.37
429953,GYAHD06JHJ,R********,Y*****,34,Female,NonVegetarian,92.63
702399,GYAHD12ODK,M*******,H******,31,Female,NonVegetarian,70.75
498701,PBCHD09MHS,E****,J***************,39,Male,Vegetarian,70.65
198021,KLTRS13MLT,M*******,A*********,47,Male,NonVegetarian,78.71
264919,PBCHD07HPP,R***,L****,25,Male,Vegetarian,70.81
202585,GYAHD15KLM,J****,S********,36,Female,NonVegetarian,102.38
288957,KLTRS03KLP,D***,D*********,35,Female,NonVegetarian,61.26
499363,PBCHD02RJU,P******,K************,40,Male,NonVegetarian,66.4
513550,GYAHD07ODK,A****,S******,44,Male,NonVegetarian,62.39
243498,MZLGI06BRC,S******,N*****,40,PNTD,NonVegetarian,95.57
163641,MZLGI10GJS,S********,R*****,27,Female,Vegetarian,103.36
187746,GYAHD03ODK,T*******,D********,40,Female,NonVegetarian,79.93
216339,KLTRS04MLT,P********,P*****,49,Male,NonVegetarian,71.68
905443,MZLGI04BRC,A****,G****,37,Male,Vegetarian,76.29
241514,PBCHD09PBM,A******,N******,38,Male,Vegetarian,90.13
583824,GYAHD04JHJ,S******,P******,40,Female,Vegetarian,75.24
477184,PBCHD09NLM,S********,V**********,37,Female,NonVegetarian,61.55
681821,MZLGI03BRC,P*******,K*******,40,Female,NonVegetarian,65.31
211350,PBCHD11GAM,s******,t********,53,Male,Vegetarian,72.65
206621,KLTRS14TSS,S********,J*,40,Male,Vegetarian,98.09
572854,KLTRS11TSS,P*****,W*****,27,Male,NonVegetarian,103.96
598870,PBCHD06SKM,S*****,P**********,49,Male,NonVegetarian,96.82
849608,GYAHD07JHJ,B*****,S******,31,TrFe,NonVegetarian,84.45
994123,MZLGI04APK,S*******,(*************,37,Female,Vegetarian,80.67
536873,PBCHD03SKM,P******,S******,43,Female,Vegetarian,73.45
783444,KLTRS05MLT,S******,B*********,50,Female,NonVegetarian,84.72
934650,PBCHD13CGD,C******,M*****,41,Female,NonVegetarian,82.54
524527,PBCHD14KLC,R***,S**********,50,Male,NonVegetarian,67.55
525745,KLTRS14TSS,R****,S******,45,Male,NonVegetarian,88.73
484668,KLTRS15KLP,P****,B*******,38,Female,Vegetarian,94.91
751804,GYAHD06ODK,V******,H*************,39,Female,Vegetarian,98.09
381173,PBCHD07HPP,E******,J*******,33,Female,Vegetarian,88.55
742308,PBCHD12GAM,A****,Y******,44,Male,NonVegetarian,104.96
878597,MZLGI05MHP,H*****,V********,41,PNTD,NonVegetarian,86.57
547284,MZLGI06APK,A*****,T******,31,TrFe,NonVegetarian,87.38
695504,MZLGI10BRC,G*******,J*******,41,Female,Vegetarian,73.31
560021,MZLGI02GJS,V*****,A************,29,Male,NonVegetarian,70.22
837257,PBCHD10HPP,R*******,C*******,41,Female,NonVegetarian,85.79
214001,GYAHD15JHJ,S*******,V********,39,Male,Vegetarian,75.19
929156,KLTRS11WBD,S*****,P******,43,NS,NonVegetarian,82.15
949547,KLTRS15NLZ,D*****,P******,45,Female,Vegetarian,70.44
415130,KLTRS02WBD,G******,S*********,34,NS,Vegetarian,91.62
762888,PBCHD12KLC,M********,B***********,40,Female,NonVegetarian,104.89
987336,KLTRS04WBD,M*****,B*,33,Male,NonVegetarian,98.21
985137,MZLGI09GJS,M*****,R******,33,Female,Vegetarian,78.37
223583,KLTRS05NLZ,S*******,K*****,52,Male,NonVegetarian,85.24
604121,PBCHD08CGD,R************,S*,30,Male,Vegetarian,103.19
710379,KLTRS13WBD,A***,N********,47,Male,NonVegetarian,104.39
282543,MZLGI11MHP,Y*,H*,34,TrFe,NonVegetarian,100.88
785414,KLTRS15WBD,V*****,P*,34,Male,Vegetarian,101.72
967060,MZLGI02APK,T*****,f********,31,Female,NonVegetarian,72.15
858392,PBCHD03GAM,S********,P*********,34,Male,NonVegetarian,87.57
680462,GYAHD06ODK,A****,T*******,36,Male,Vegan,101.33
912513,GYAHD12KLM,J********,P*****,41,Male,Vegetarian,77.39
729591,PBCHD10GAM,D*****,V*********,50,TrFe,NonVegetarian,80.6
491715,MZLGI04MHP,J*****,B*********,34,Female,NonVegetarian,70.65
402276,PBCHD11KLC,M****,L*********,42,Female,NonVegetarian,80.96
165971,PBCHD11RJU,m***,y***,35,Female,Vegetarian,83.16
184792,KLTRS05ODB,S***********,P******,46,Female,Vegetarian,86.51
585774,KLTRS06TSS,L****,K*****,34,Female,Vegetarian,89.18
156523,MZLGI07RJK,S******,K****,39,NS,Vegetarian,93.77
119788,GYAHD06KLM,D******,S******,30,Male,NonVegetarian,69.11
982417,MZLGI11BRC,V*******,f********,38,Female,NonVegetarian,96.14
910121,MZLGI06MHP,H******,K*********,49,Male,Vegetarian,77.97
458896,GYAHD03JHJ,I********,I****,33,Female,NonVegetarian,92.84
177020,PBCHD10PBP,D****,U*****,36,Female,NonVegetarian,64.63
721781,KLTRS12KLP,D********,V******,43,Male,NonVegetarian,60.02
369866,KLTRS10KLP,V****,S*,33,Male,NonVegetarian,82.83
700349,GYAHD15ODK,J****,P*****,36,Male,NonVegetarian,79.02
329529,PBCHD01PBP,M******,R******,31,TrFe,NonVegetarian,94.17
489183,PBCHD04GAM,L*****,d***,50,Female,NonVegetarian,84.28
384794,PBCHD04RJU,S********,(*******,42,Female,NonVegetarian,85.88
541892,PBCHD09HPP,J*****,G******,38,Male,NonVegetarian,82.77
383174,PBCHD14RJU,A*****,A**,39,Female,NonVegetarian,78.63
212647,KLTRS01NLZ,E****,S**,43,Female,Vegetarian,92.95
842108,MZLGI10RJK,A****,P**,41,Female,NonVegetarian,62.9
535417,MZLGI10GJS,V******,D*****,44,Female,NonVegetarian,69.04
166852,KLTRS05ODB,P*****,C*****,46,Male,NonVegetarian,92.75
111762,GYAHD12KAU,N********,R*****,36,Male,NonVegetarian,80.02
983705,PBCHD01GAM,K*******,Q*****,37,Male,NonVegetarian,90.24
547582,KLTRS14NLZ,f********,A**,35,Female,NonVegetarian,67.96
421343,KLTRS12NLZ,R************,S************,33,Male,NonVegetarian,65.08
640054,KLTRS03ODB,Y****,P***,25,Female,NonVegetarian,92.88
682771,KLTRS15KLP,A*********,T********,33,Male,Vegetarian,83.88
711414,PBCHD04SKM,M*******,S*****,44,Female,Vegetarian,77.16
172971,GYAHD07JHJ,C*******,X**,36,Female,Vegetarian,88.03
654375,MZLGI05BRC,V*********,f********,38,Male,NonVegetarian,92.25
693656,MZLGI11MHP,M*******,R*****,30,Male,NonVegetarian,95.54
651211,MZLGI09BRC,S*****,L**,47,Female,NonVegetarian,78.38
625637,GYAHD10KLM,P*****,J****,42,Female,NonVegetarian,60.68
676988,GYAHD10KLM,P*******,S*****,36,Male,NonVegetarian,101.96
271092,GYAHD09KLM,S*********,G**,30,Male,NonVegetarian,89.05
795836,KLTRS13NLZ,P*******,K******,29,Female,Vegetarian,100.87
428350,PBCHD04KLC,M*,S******,29,Male,Vegetarian,80.17
304232,PBCHD04RJU,S*********,C*********,37,Male,NonVegetarian,71.07
952992,PBCHD10HPP,A*********,B********,38,Male,NonVegetarian,100.83
603185,GYAHD05JHJ,D**,J****,43,Female,Vegetarian,66.81
380504,KLTRS12ODB,R******,V**********,42,Male,Vegetarian,84.76
494155,KLTRS09WBD,D**,E******,33,Male,Vegetarian,73.03
548886,MZLGI02MHP,C****,S******,34,Female,NonVegetarian,68.94
647263,PBCHD07KLC,R*****,J****,38,Female,NonVegetarian,84.73
155586,PBCHD03HPP,B******,S*,38,TrFe,NonVegetarian,94.89
643801,MZLGI13BRC,s*********,r***,32,Male,NonVegetarian,71.05
226907,KLTRS12ODB,M*****,B******,45,TrFe,Vegetarian,83.78
264878,MZLGI12GJS,M****,S*********,31,Female,Vegetarian,71.68
133905,PBCHD04GAM,R******,C********,49,Male,Vegetarian,90.57
107854,GYAHD14KLM,G*****,S******,38,PNTD,NonVegetarian,97.17
402784,MZLGI12APK,N******,f********,30,Male,Vegetarian,72.88
569708,MZLGI13MHP,A*****,S*****,30,PNTD,NonVegetarian,80.13
430000,KLTRS15ODB,D******,S******,37,Female,Vegetarian,81.77
618316,MZLGI14RJK,J****,W******,30,Female,NonVegetarian,87.97
584138,GYAHD11ODK,L*****,M******,55,Male,NonVegetarian,88.11
253603,MZLGI09APK,C*****,M********,38,Female,NonVegetarian,81.99
313602,MZLGI14GJS,V**********,R******,34,Male,NonVegetarian,95.44
490128,KLTRS02MLT,J********,Y*********,44,Male,NonVegetarian,71.35
733117,GYAHD07JHJ,D**********,D**********,40,Female,NonVegetarian,84.69
377426,PBCHD15PBM,E*********,O*******,46,PNTD,NonVegetarian,71.07
547053,GYAHD11KLM,C****,H**,58,Female,Vegetarian,81.63
472483,PBCHD03PBP,J*******,F*********,35,Male,NonVegetarian,89.92
554810,GYAHD13JHJ,M******,D****,36,Male,NonVegetarian,82.15
382127,PBCHD12KLC,K********,M**,33,Male,NonVegetarian,77.18
185821,PBCHD08CGD,N*****,a***,30,Female,NonVegetarian,70.2
559006,GYAHD04KLM,R******,D***,34,Female,NonVegetarian,74
977542,GYAHD03JHJ,J********,K****,36,Male,Vegetarian,90.55
970563,PBCHD10GAM,m******,s*****,27,Female,NonVegetarian,74.4
744899,PBCHD01PBP,N*****,G*****,52,Male,NonVegetarian,64.09
745661,MZLGI09GJS,J*******,M************,47,Male,Vegetarian,84.69
674929,GYAHD09KLM,D*********,T********,45,Male,NonVegetarian,100.75
182526,GYAHD04JHJ,R*******,D*******,25,TrFe,NonVegetarian,68.83
844197,MZLGI01MHP,E****,B*******,45,Female,NonVegetarian,83.91
571391,GYAHD04KAU,T******,B*********,38,Male,NonVegetarian,95.81
978898,PBCHD10RJU,F*******,S*******,42,Female,NonVegetarian,94.91
765168,KLTRS15ODB,F********,F**********,30,Male,NonVegetarian,85.2
104534,KLTRS15TSS,C*******,S******,34,Male,NonVegetarian,86.23
186686,GYAHD07JHJ,M******,W****,48,Female,NonVegetarian,82.43
954051,PBCHD04HPP,S*****,f********,44,Female,NonVegetarian,85.7
905977,KLTRS13ODB,S**********,T*********,35,Female,NonVegetarian,70.67
600936,KLTRS05WBD,s*******,n*********,28,Male,Vegetarian,70.33
476850,GYAHD12JHJ,S*****,S*********,31,Male,NonVegetarian,88.81
650170,KLTRS15TSS,D*********,T*****,39,PNTD,NonVegetarian,71.08
715077,KLTRS15ODB,C******,K*****,42,Male,NonVegetarian,104.13
274735,MZLGI03APK,J***,G**,38,Female,NonVegetarian,84.52
957869,GYAHD15JHJ,D******,C******,38,Female,Vegetarian,94.27
576063,MZLGI08GJS,S*****,t******,30,Male,Vegetarian,81.7
281277,KLTRS13KLP,P*****,k*****,41,Female,NonVegetarian,77.26
279145,MZLGI09GJS,S**********,p******,38,Male,NonVegetarian,73.44
902850,PBCHD09NLM,P******,T*******,25,Female,NonVegetarian,87.49
569395,KLTRS10TSS,A****,B********,26,Female,Vegetarian,80.8
654545,GYAHD07KLM,S***,L***,42,Female,NonVegetarian,80.35
966880,PBCHD14KLC,r***,k***,39,Male,NonVegetarian,80.81
777901,MZLGI12APK,A****,A*****,38,Male,NonVegetarian,68.19
273265,PBCHD07CGD,R*****,R*********,49,Male,NonVegetarian,81.22
164942,PBCHD01HPP,S******,A*******,35,Female,Vegetarian,82.5
868627,MZLGI05GJS,D*****,M********,41,Female,NonVegetarian,87.55
583932,GYAHD15ODK,C******,A**,30,Male,Vegetarian,84.02
381054,KLTRS06KLP,S*********,D*********,25,Male,NonVegetarian,81.47
959297,GYAHD04JHJ,P****,R****,35,Female,NonVegetarian,98.79
356066,KLTRS05KLP,B*******,D*****,36,Male,NonVegetarian,86.16
585117,KLTRS03WBD,T*******,S**,39,Male,NonVegetarian,76.37
390014,KLTRS12KLP,S******,N*********,26,Male,NonVegetarian,71.85
562112,PBCHD14PBP,M******,M*,42,Female,NonVegetarian,75.96
615859,GYAHD07JHJ,A***,A*****,25,Male,NonVegetarian,62.44
194187,MZLGI11MHP,A******,E***,48,Male,NonVegetarian,76.25
840945,MZLGI03BRC,G*****,P***,51,PNTD,NonVegetarian,98.81
550283,MZLGI06APK,S*****,M********,37,Male,NonVegetarian,80.72
252275,PBCHD03PBM,D***,U*****,46,Female,NonVegetarian,85.73
103412,KLTRS02MLT,S*****,S********,29,Male,NonVegetarian,60.44
770352,GYAHD03JHJ,C*************,B**********,45,PNTD,NonVegetarian,78.6
931802,PBCHD11SKM,G****,k**,41,Male,NonVegetarian,72.15
812494,MZLGI06APK,C*****,U***,38,Male,NonVegetarian,76.94
314633,KLTRS03NLZ,J******,K*****************,29,Male,NonVegetarian,91.84
200435,MZLGI09GJS,H******,G*****,34,Male,Vegetarian,88.65
234005,PBCHD06RJU,M********,H******,51,Male,NonVegetarian,89.06
220859,GYAHD13KLM,A*****,K*****,30,Male,NonVegetarian,62.01
101700,PBCHD08MHS,R************,M******,36,Female,Vegetarian,95.51
611720,MZLGI06RJK,Y*******,P********,43,Male,Vegetarian,80.21
524726,GYAHD12JHJ,N********,C************,37,Female,NonVegetarian,91.41
142110,GYAHD11ODK,S********,P**********,42,Male,NonVegetarian,84.55
465452,MZLGI13GJS,S*******,D**********,37,Male,NonVegetarian,93.54
458366,MZLGI03BRC,A*****,B*******,46,Female,NonVegetarian,64.93
591003,KLTRS11TSS,A*******,G*******,36,Female,Vegetarian,79.96
775225,GYAHD14KAU,S****,F****,41,Female,NonVegetarian,91.13
409309,MZLGI14BRC,S******,K*****,39,Male,NonVegetarian,98.89
545373,GYAHD09JHJ,R****,R*****,36,Male,NonVegetarian,101.93
608981,MZLGI13RJK,S******,M******,45,Female,Vegetarian,78.6
836411,KLTRS13TSS,K************,M*******,44,Female,Vegetarian,75.97
386994,GYAHD09KAU,D*******,M**,42,Female,NonVegetarian,72.31
713022,KLTRS01MLT,S*********,N******,34,Male,NonVegetarian,63.01
960491,PBCHD15SKM,A******,G******,28,Male,NonVegetarian,93.81
840886,PBCHD04SKM,S*******,R********,45,Female,NonVegetarian,86.66
278268,GYAHD04JHJ,P******,y****,38,Male,NonVegetarian,83.56
380667,GYAHD11JHJ,S*******,L*****,34,Male,NonVegetarian,95.84
855909,KLTRS05WBD,P*******,N*******,46,Female,NonVegetarian,85.29
899609,GYAHD02ODK,N***,N******,43,Male,NonVegetarian,74.14
319395,GYAHD10ODK,p*****,k*****,42,Female,NonVegetarian,98.55
306611,KLTRS10NLZ,J********,Z*****,37,NS,NonVegetarian,80.19
308941,PBCHD02GAM,J********,D****,44,Female,Vegetarian,94.93
978047,PBCHD09CGD,V************,A*******,49,Male,NonVegetarian,84.74
373573,MZLGI11MHP,M*********,D*,37,Male,NonVegetarian,60.38
797792,KLTRS15WBD,P********,R********,28,TrFe,NonVegetarian,81.76
521686,KLTRS05KLP,M********,S******,46,Male,NonVegetarian,91.7
767074,KLTRS02KLP,R*****,M******,40,Male,NonVegetarian,87.32
451684,PBCHD10SKM,Y*****,G***,45,Male,NonVegetarian,80.39
819842,GYAHD02KAU,M*****,k*****,40,Female,Vegetarian,87.39
341246,GYAHD01JHJ,V*************,S***********,36,Male,NonVegetarian,96.2
391191,GYAHD02JHJ,S******,K*******,44,Male,NonVegetarian,73.41
441141,KLTRS12KLP,S*******,P*,37,Male,NonVegetarian,98.05
303681,GYAHD13KLM,X****,M****,33,Female,NonVegetarian,82.36
696502,KLTRS10NLZ,Q***,V*****,34,Male,NonVegetarian,70.65
293733,PBCHD06HPP,C*****,R******,37,Male,NonVegetarian,99.52
795797,MZLGI05RJK,M************,S******,39,Female,NonVegetarian,73.11
491679,MZLGI02BRC,S*******,K*****,27,Male,NonVegetarian,86.64
835969,GYAHD11JHJ,K******,V*****,49,Female,NonVegetarian,81.38
819321,KLTRS12NLZ,P********,T*****,40,Male,NonVegetarian,98.61
359738,KLTRS07WBD,V*******,L*****,38,Female,NonVegetarian,101.32
842121,MZLGI04RJK,G*,R****,40,Female,NonVegetarian,87.17
700738,GYAHD13KAU,U*********,S**,28,Female,Vegetarian,83.55
181704,KLTRS12WBD,L*****,K*******,53,Male,NonVegetarian,84.18
568428,MZLGI02APK,S******,L*****,40,Female,NonVegetarian,85.47
139971,PBCHD04SKM,J*********,E****,31,Male,NonVegetarian,94.7
246011,GYAHD11JHJ,G******,B*,44,Male,NonVegetarian,72.5
525260,KLTRS10MLT,R***********,P******,39,Female,NonVegetarian,104.31
876447,KLTRS13WBD,G****,A******,25,Female,Vegan,102.8
698018,MZLGI08GJS,S******,A******,29,Male,Vegetarian,81.36
367204,PBCHD12HPP,Q******,W******,48,Male,Vegetarian,73.09
